# Host: localhost  (Version: 5.6.11)
# Date: 2013-09-21 20:53:34
# Generator: MySQL-Front 5.3  (Build 2.77)

/*!40101 SET @OLD_CHARACTER_SET_CLIENT=@@CHARACTER_SET_CLIENT */;
/*!40101 SET @OLD_CHARACTER_SET_RESULTS=@@CHARACTER_SET_RESULTS */;
/*!40101 SET @OLD_COLLATION_CONNECTION=@@COLLATION_CONNECTION */;
/*!40101 SET NAMES utf8 */;
/*!40101 SET @OLD_SQL_MODE=@@SQL_MODE */;
/*!40101 SET SQL_MODE='STRICT_TRANS_TABLES,NO_AUTO_CREATE_USER,NO_ENGINE_SUBSTITUTION' */;
/*!40111 SET @OLD_SQL_NOTES=@@SQL_NOTES */;
/*!40103 SET SQL_NOTES='ON' */;

#
# Source for table "auth_group"
#

DROP TABLE IF EXISTS `auth_group`;
CREATE TABLE `auth_group` (
  `id` int(11) NOT NULL AUTO_INCREMENT,
  `name` varchar(80) NOT NULL,
  PRIMARY KEY (`id`),
  UNIQUE KEY `name` (`name`)
) ENGINE=InnoDB DEFAULT CHARSET=utf8;

#
# Data for table "auth_group"
#


#
# Source for table "auth_user"
#

DROP TABLE IF EXISTS `auth_user`;
CREATE TABLE `auth_user` (
  `id` int(11) NOT NULL AUTO_INCREMENT,
  `password` varchar(128) NOT NULL,
  `last_login` datetime NOT NULL,
  `is_superuser` tinyint(1) NOT NULL,
  `username` varchar(30) NOT NULL,
  `first_name` varchar(30) NOT NULL,
  `last_name` varchar(30) NOT NULL,
  `email` varchar(75) NOT NULL,
  `is_staff` tinyint(1) NOT NULL,
  `is_active` tinyint(1) NOT NULL,
  `date_joined` datetime NOT NULL,
  PRIMARY KEY (`id`),
  UNIQUE KEY `username` (`username`)
) ENGINE=InnoDB AUTO_INCREMENT=2 DEFAULT CHARSET=utf8;

#
# Data for table "auth_user"
#

INSERT INTO `auth_user` VALUES (1,'pbkdf2_sha256$10000$TwganUEPFb7N$R5aYNZyXZqAv6P5+0x7hmnBCW70InRl/cNHJ46L7/gQ=','2013-08-01 11:59:57',1,'murthy','','','murthy@flumensoft.com',1,1,'2013-08-01 11:59:57');

#
# Source for table "auth_user_groups"
#

DROP TABLE IF EXISTS `auth_user_groups`;
CREATE TABLE `auth_user_groups` (
  `id` int(11) NOT NULL AUTO_INCREMENT,
  `user_id` int(11) NOT NULL,
  `group_id` int(11) NOT NULL,
  PRIMARY KEY (`id`),
  UNIQUE KEY `user_id` (`user_id`,`group_id`),
  KEY `auth_user_groups_6340c63c` (`user_id`),
  KEY `auth_user_groups_5f412f9a` (`group_id`),
  CONSTRAINT `group_id_refs_id_274b862c` FOREIGN KEY (`group_id`) REFERENCES `auth_group` (`id`),
  CONSTRAINT `user_id_refs_id_40c41112` FOREIGN KEY (`user_id`) REFERENCES `auth_user` (`id`)
) ENGINE=InnoDB DEFAULT CHARSET=utf8;

#
# Data for table "auth_user_groups"
#


#
# Source for table "callbackrequests"
#

DROP TABLE IF EXISTS `callbackrequests`;
CREATE TABLE `callbackrequests` (
  `CallBackRequestID` bigint(20) NOT NULL AUTO_INCREMENT,
  `RequestDate` datetime DEFAULT CURRENT_TIMESTAMP,
  `CustomerID` int(11) DEFAULT NULL,
  `ListingID` int(11) DEFAULT NULL,
  `Name` varchar(50) DEFAULT NULL,
  `Email` varchar(50) DEFAULT NULL,
  `Phone` varchar(50) DEFAULT NULL,
  `PrefTime1` varchar(20) DEFAULT NULL,
  `PrefTime2` varchar(20) DEFAULT NULL,
  `PrefTime3` varchar(20) DEFAULT NULL,
  `Message` varchar(255) DEFAULT NULL,
  `ConfirmCode` varchar(10) DEFAULT NULL,
  `IsVerified` tinyint(1) DEFAULT NULL,
  `IsAttended` tinyint(1) DEFAULT NULL,
  `Comments` varchar(255) DEFAULT NULL,
  `ListingType` smallint(1) DEFAULT NULL,
  PRIMARY KEY (`CallBackRequestID`)
) ENGINE=InnoDB AUTO_INCREMENT=2 DEFAULT CHARSET=utf8;

#
# Data for table "callbackrequests"
#

INSERT INTO `callbackrequests` VALUES (1,NULL,3,2,'ashok','ashok@indiadens.com','9704717095','10am','','','please call me at above specified times','50724',NULL,NULL,'',1);

#
# Source for table "cities"
#

DROP TABLE IF EXISTS `cities`;
CREATE TABLE `cities` (
  `CityID` int(11) NOT NULL AUTO_INCREMENT,
  `Name` varchar(50) DEFAULT NULL,
  `StateID` tinyint(2) DEFAULT NULL,
  `IsNew` tinyint(1) DEFAULT NULL,
  PRIMARY KEY (`CityID`)
) ENGINE=InnoDB AUTO_INCREMENT=69 DEFAULT CHARSET=utf8;

#
# Data for table "cities"
#

INSERT INTO `cities` VALUES (1,'your city',1,1),(2,'secunderabad',1,1),(3,'Hyderabad',1,1),(4,'Chennai',4,1),(5,'Kamareddy',1,1),(6,'Mumbai',4,1),(7,'rajkot',3,1),(8,'Bopal',4,1),(9,'rangareddy',2,1),(10,'guntoor',2,1),(11,'bangloor',15,1),(12,'pune',15,1),(14,'Karnol',2,1),(15,'medak',2,1),(16,'hyd',2,1),(17,'delhi',NULL,1),(18,'Agra',8,1),(19,'rameswaram',28,1),(20,'kolkata',32,1),(21,'karimnagar',2,1),(22,'kochhin',2,1),(23,'Ballari',15,1),(24,'Mehdipatnam',2,1),(26,'Hyderabad East',NULL,1),(27,'Nanded',3,1),(29,'Akkapur',1,1),(31,'Nizamabad',1,1),(33,'Hyderabad West',1,1),(34,'hyedrabad',NULL,1),(35,'1',NULL,1),(36,'Siricilla',2,1),(37,'basar',NULL,1),(38,'siddipet',NULL,1),(39,'machareddy',2,1),(40,'vizag',1,1),(41,'kadapa',2,1),(42,'anakapalli',1,1),(43,'sdfsf',1,1),(44,'trivendrum',2,1),(45,'nellore',1,1),(46,'nellore',1,1),(47,'nellore',1,1),(48,'madras',28,1),(49,'Hyderabad North',2,1),(50,'yellareddy',2,1),(51,'yellareddy',2,1),(52,'jaipur',26,1),(53,'bilalpur',2,1),(54,'ibrahim patnam',2,1),(55,'darjeilng',20,1),(56,'kakinaada',2,1),(57,'hyderabad South',2,1),(58,'Bheemavaram',2,1),(59,'medchal',2,1),(60,'Armoor',2,1),(61,'Kompally',2,1),(62,'nagpur',18,1),(63,'vijaya wada',2,1),(64,'Gulbarga',15,1),(65,'Hyderabad Central',1,1),(66,'Manguluru',15,1),(67,'Ahmedabad',2,1),(68,'Gurgaon',10,1);

#
# Source for table "customers"
#

DROP TABLE IF EXISTS `customers`;
CREATE TABLE `customers` (
  `CustomerID` int(11) NOT NULL AUTO_INCREMENT,
  `CustomerType` tinyint(4) DEFAULT NULL,
  `ParentID` int(11) DEFAULT NULL,
  `Title` varchar(255) DEFAULT NULL,
  `SubTitle` varchar(100) DEFAULT NULL,
  `FirstName` varchar(100) DEFAULT NULL,
  `LastName` varchar(100) DEFAULT NULL,
  `Address` varchar(255) DEFAULT NULL,
  `CityID` smallint(6) DEFAULT NULL,
  `StateID` smallint(6) DEFAULT NULL,
  `CountryID` smallint(6) DEFAULT NULL,
  `Phone` varchar(100) DEFAULT NULL,
  `Fax` varchar(100) DEFAULT NULL,
  `EMail` varchar(100) DEFAULT NULL,
  `LoginPwd` varchar(25) DEFAULT NULL,
  `LocationMap` varchar(255) DEFAULT NULL,
  `WebSite` varchar(255) DEFAULT NULL,
  `Logo` varchar(255) DEFAULT NULL,
  `Profile` varchar(255) DEFAULT NULL,
  `Deals` varchar(255) DEFAULT NULL,
  `DealingLocations` varchar(255) DEFAULT NULL,
  `Description` varchar(255) DEFAULT NULL,
  `KeyWords` varchar(255) DEFAULT NULL,
  `ConfirmCode` varchar(25) DEFAULT NULL,
  `UpdatedBy` int(11) DEFAULT '-1',
  `IsConfirmed` tinyint(1) DEFAULT NULL,
  `EMailCode` varchar(50) DEFAULT NULL,
  `IsEMailVerified` tinyint(1) DEFAULT NULL,
  `MobileCode` varchar(50) DEFAULT NULL,
  `IsMobileVerified` tinyint(1) DEFAULT NULL,
  `IsDeleted` tinyint(1) DEFAULT NULL,
  PRIMARY KEY (`CustomerID`)
) ENGINE=InnoDB AUTO_INCREMENT=35 DEFAULT CHARSET=utf8;

#
# Data for table "customers"
#

INSERT INTO `customers` VALUES (2,2,NULL,'sdfsdf','sdfsdf','venugopalv','voraganti ','Begumpet',2,2,1,'918885662223','040-6566552','venu@indiadens.com','welcome','','www.indiadens.com','Customer-2.png','permanent','noo','bla ','bla','','',NULL,NULL,'14enozyamdfq9ogemdcwtwppv2eplaihs',1,'10252',NULL,NULL),(3,0,NULL,'','','ashok','dhudla','kmr',26,1,1,'919704717095','','ashok@indiadens.com','welcome','','','','','','','','','',NULL,NULL,'2ko1hv34kwwyjt9r52ofr4yazi56n1zhu',NULL,'10956',NULL,NULL),(5,2,NULL,'','','Aravind','Gajelli','',3,1,NULL,'918099845507','','aravind.gajellig@gmail.com','387143','','','Customer-5.jpg','','','','','','',NULL,NULL,'4iuqvtss6up6mwxh6xhv70glj5w9ohgzq',NULL,'10176',NULL,NULL),(6,NULL,NULL,'','','Ravi','Gajelli','',3,1,NULL,'919494393924','','ravi@gmail.com','662184','','','','','','','','','',NULL,NULL,'5iuqvtss6up6mwxh6xhv70glj5w9ohgzq',NULL,'10119',NULL,NULL),(7,NULL,NULL,'','','Murthy','P','',3,1,NULL,'919848077901','','murthyp@in.com','933441','','','','','','','','','',NULL,NULL,'61w4vz2fou6veu060we7gp1hcilwbkdmj',NULL,'10334',NULL,NULL),(8,NULL,NULL,'','','Vishwak','M','',2,1,NULL,'917894561320','','vishwakm@google.com','220216','','','','','','','','','',NULL,NULL,'7iuqvtss6up6mwxh6xhv70glj5w9ohgzq',NULL,'10997',NULL,NULL),(10,NULL,NULL,'','','Arun','G','',2,1,NULL,'919494393924','','arung@gmail.com','124475','','','','','','','','','',NULL,NULL,'8iuqvtss6up6mwxh6xhv70glj5w9ohgzq',NULL,'10975',NULL,NULL),(11,1,NULL,'','','Divya',' ','',3,1,NULL,'918885251621','','divyad@gmail.com','319702','','','','','','','','','',NULL,NULL,'1004qrsxhbgvhqvvsz335o0d95aee58599',NULL,'10570',NULL,NULL),(12,NULL,NULL,'','','ashok','d','',5,1,NULL,'919704717095','','ashokd413@gmail.com','476198','','','','','','','','','',NULL,NULL,'11hwev6ug34snc93ghjneklx2xknv1xpfb',NULL,'10924',NULL,NULL),(15,NULL,NULL,'','','','pyr','',3,1,NULL,'917539512586','','pyrkumar@google.com','858686','','','','','','','','','',NULL,NULL,'141dyo3wy24syuyrcv3nvys612yy8jrvc1',NULL,'10933',NULL,NULL),(17,1,NULL,'','','Rahul','Thakur','',27,3,NULL,'917539512586','','rthakur@google.com','602611','','','','','','','','','',NULL,NULL,'15pf1k0rrjt8jkl1zx5qybwd9y44uoe71p',NULL,'10778',NULL,NULL),(18,2,NULL,'','','Seetha','vella','',2,1,NULL,'919638527412','','vseetha@google.com','849567','','','','','','','','','',NULL,NULL,'17rjxpyescgq3zvizpvb6qqrinios0u1g8',NULL,'10943',NULL,NULL),(20,2,NULL,'','','Murthy','Pydikondala','DLF Phase-1',68,11,1,'918096806089','','murthy@indiadens.com','welcome','','','','','','','','','',NULL,NULL,'18jl6xmx1zedyk32k5iru01dpb9cumy80q',NULL,'10999',NULL,NULL),(21,2,NULL,'','','Ramesh','V','',3,1,NULL,'917539512586','','vramesh@google.com','583040','','','','','','','','','',NULL,NULL,'20a6ujl6c8rouio62yzvsw0gdu0a555cxr',NULL,'10828',NULL,NULL),(23,1,NULL,'','','Rajesh','G','',5,1,NULL,'917569541256','','grajesh@gmail.com','966607','','','','','','','','','',NULL,NULL,'22r2ojm957g6wupuoi99jwzjeosuyyvq7y',NULL,'10556',NULL,NULL),(24,1,NULL,'','','Sandhya','K','',2,1,NULL,'917418523698','','sandhyak@gmail.com','732929','','','','','','','','','',NULL,NULL,'23r2ojm957g6wupuoi99jwzjeosuyyvq7y',NULL,'10480',NULL,NULL),(26,2,NULL,'','','Kamal','P','',9,6,NULL,'918637421593','','kamalp@yahoo.com','505010','','','','','','','','','',NULL,NULL,'24r2ojm957g6wupuoi99jwzjeosuyyvq7y',NULL,'10907',NULL,NULL),(27,2,NULL,'','','Vivek','K','',3,2,NULL,'918637421593','','vivekk@gmail.com','486170','','','','','','','','','',NULL,NULL,'266khg5gmtnwherualftnpoey2m83dtjwf',NULL,'10566',NULL,NULL),(31,1,NULL,'','','mansi','A','',2,2,NULL,'917539631236','','mansia@google.com','859954','','','','','','','','','',NULL,NULL,'30o37h6hqwmg750sal9q7cew9w6wea6cjc',NULL,'10422',NULL,NULL),(32,1,NULL,'','','Murthy','Pydikondala','',3,2,NULL,'918096806089','','murthy@expertsden.com','welcome','','','','','','','','','',NULL,NULL,'31qdsxaerrt4ngsp43ttm4as22g4u6kfmz',NULL,'10675',NULL,NULL),(34,1,NULL,'','','Raju','P','',3,2,NULL,'918637421593','','rajup@google.com','206235','','','','','','','','','',NULL,NULL,'3260esesx3xbkv4rw4iosb65p7oi4x9m6k',NULL,'10959',NULL,NULL);

#
# Source for table "django_content_type"
#

DROP TABLE IF EXISTS `django_content_type`;
CREATE TABLE `django_content_type` (
  `id` int(11) NOT NULL AUTO_INCREMENT,
  `name` varchar(100) NOT NULL,
  `app_label` varchar(100) NOT NULL,
  `model` varchar(100) NOT NULL,
  PRIMARY KEY (`id`),
  UNIQUE KEY `app_label` (`app_label`,`model`)
) ENGINE=InnoDB AUTO_INCREMENT=7 DEFAULT CHARSET=utf8;

#
# Data for table "django_content_type"
#

INSERT INTO `django_content_type` VALUES (1,'permission','auth','permission'),(2,'group','auth','group'),(3,'user','auth','user'),(4,'content type','contenttypes','contenttype'),(5,'session','sessions','session'),(6,'site','sites','site');

#
# Source for table "auth_permission"
#

DROP TABLE IF EXISTS `auth_permission`;
CREATE TABLE `auth_permission` (
  `id` int(11) NOT NULL AUTO_INCREMENT,
  `name` varchar(50) NOT NULL,
  `content_type_id` int(11) NOT NULL,
  `codename` varchar(100) NOT NULL,
  PRIMARY KEY (`id`),
  UNIQUE KEY `content_type_id` (`content_type_id`,`codename`),
  KEY `auth_permission_37ef4eb4` (`content_type_id`),
  CONSTRAINT `content_type_id_refs_id_d043b34a` FOREIGN KEY (`content_type_id`) REFERENCES `django_content_type` (`id`)
) ENGINE=InnoDB AUTO_INCREMENT=19 DEFAULT CHARSET=utf8;

#
# Data for table "auth_permission"
#

INSERT INTO `auth_permission` VALUES (1,'Can add permission',1,'add_permission'),(2,'Can change permission',1,'change_permission'),(3,'Can delete permission',1,'delete_permission'),(4,'Can add group',2,'add_group'),(5,'Can change group',2,'change_group'),(6,'Can delete group',2,'delete_group'),(7,'Can add user',3,'add_user'),(8,'Can change user',3,'change_user'),(9,'Can delete user',3,'delete_user'),(10,'Can add content type',4,'add_contenttype'),(11,'Can change content type',4,'change_contenttype'),(12,'Can delete content type',4,'delete_contenttype'),(13,'Can add session',5,'add_session'),(14,'Can change session',5,'change_session'),(15,'Can delete session',5,'delete_session'),(16,'Can add site',6,'add_site'),(17,'Can change site',6,'change_site'),(18,'Can delete site',6,'delete_site');

#
# Source for table "auth_user_user_permissions"
#

DROP TABLE IF EXISTS `auth_user_user_permissions`;
CREATE TABLE `auth_user_user_permissions` (
  `id` int(11) NOT NULL AUTO_INCREMENT,
  `user_id` int(11) NOT NULL,
  `permission_id` int(11) NOT NULL,
  PRIMARY KEY (`id`),
  UNIQUE KEY `user_id` (`user_id`,`permission_id`),
  KEY `auth_user_user_permissions_6340c63c` (`user_id`),
  KEY `auth_user_user_permissions_83d7f98b` (`permission_id`),
  CONSTRAINT `permission_id_refs_id_35d9ac25` FOREIGN KEY (`permission_id`) REFERENCES `auth_permission` (`id`),
  CONSTRAINT `user_id_refs_id_4dc23c39` FOREIGN KEY (`user_id`) REFERENCES `auth_user` (`id`)
) ENGINE=InnoDB DEFAULT CHARSET=utf8;

#
# Data for table "auth_user_user_permissions"
#


#
# Source for table "auth_group_permissions"
#

DROP TABLE IF EXISTS `auth_group_permissions`;
CREATE TABLE `auth_group_permissions` (
  `id` int(11) NOT NULL AUTO_INCREMENT,
  `group_id` int(11) NOT NULL,
  `permission_id` int(11) NOT NULL,
  PRIMARY KEY (`id`),
  UNIQUE KEY `group_id` (`group_id`,`permission_id`),
  KEY `auth_group_permissions_5f412f9a` (`group_id`),
  KEY `auth_group_permissions_83d7f98b` (`permission_id`),
  CONSTRAINT `group_id_refs_id_f4b32aac` FOREIGN KEY (`group_id`) REFERENCES `auth_group` (`id`),
  CONSTRAINT `permission_id_refs_id_6ba0f519` FOREIGN KEY (`permission_id`) REFERENCES `auth_permission` (`id`)
) ENGINE=InnoDB DEFAULT CHARSET=utf8;

#
# Data for table "auth_group_permissions"
#


#
# Source for table "django_session"
#

DROP TABLE IF EXISTS `django_session`;
CREATE TABLE `django_session` (
  `session_key` varchar(40) NOT NULL,
  `session_data` longtext NOT NULL,
  `expire_date` datetime NOT NULL,
  PRIMARY KEY (`session_key`),
  KEY `django_session_b7b81f0c` (`expire_date`)
) ENGINE=InnoDB DEFAULT CHARSET=utf8;

#
# Data for table "django_session"
#

INSERT INTO `django_session` VALUES ('03plrckvf5ief3qic75bmxarb39iteoh','MGQ3ZDhkYjJhNDIyMTQwNDZmZTRlOTA3ZDYyZWYzYTVhMGVjZDU3YTqAAn1xAS4=','2013-09-20 15:14:27'),('04qrsxhbgvhqvvsz335o0d95aee58599','Y2U4M2Q4NjIzYjNiMWRmMzVjMWYwMGQxODNmY2NhNjZiZTYwN2QzYzqAAn1xAShVCnJhbmRvbWNvZGVxAlUFMTA1NzBVC2NvbmZpcm1jb2RlcQNVBDU2MDh1Lg==','2013-09-06 12:16:03'),('0l303tdq9ejvgzjqcsqcdyar25y81fio','OWVhMmJkYjQ3YzVmZWVlYjA1Y2U3MTNiNjk2Y2RlMWUxMjVhNTVmNDqAAn1xAVUIQ3VzdG9tZXJxAmNjb3B5X3JlZwpfcmVjb25zdHJ1Y3RvcgpxA2NJbmRpYURlbnMubW9kZWxzCkN1c3RvbWVycwpxBGNfX2J1aWx0aW5fXwpvYmplY3QKcQVOh1JxBn1xByhVB3Byb2ZpbGVxCFgAAAAAVQhzdWJ0aXRsZXEJWAAAAABVCHBhcmVudGlkcQpOVQZfc3RhdGVxC2NkamFuZ28uZGIubW9kZWxzLmJhc2UKTW9kZWxTdGF0ZQpxDCmBcQ19cQ4oVQZhZGRpbmdxD4lVAmRicRBVB2RlZmF1bHRxEXViVQhrZXl3b3Jkc3ESWAAAAABVBGxvZ29xE1gAAAAAVQhsb2dpbnB3ZHEUWAcAAAB3ZWxjb21lVQllbWFpbGNvZGVxFVghAAAAMmtvMWh2MzRrd3d5anQ5cjUyb2ZyNHlhemk1Nm4xemh1VQV0aXRsZXEWWAAAAABVC2lzY29uZmlybWVkcRdOVQxjdXN0b21lcnR5cGVxGEsAVQtjb25maXJtY29kZXEZWAAAAABVBmNpdHlpZHEaSxpVC2xvY2F0aW9ubWFwcRtYAAAAAFUFZW1haWxxHFgTAAAAYXNob2tAaW5kaWFkZW5zLmNvbVUJaXNkZWxldGVkcR1OVQd3ZWJzaXRlcR5YAAAAAFUDZmF4cR9YAAAAAFUJY291bnRyeWlkcSBLAVULZGVzY3JpcHRpb25xIVgAAAAAVQlmaXJzdG5hbWVxIlgFAAAAYXNob2tVB3N0YXRlaWRxI0sBVQhsYXN0bmFtZXEkWAYAAABkaHVkbGFVEGRlYWxpbmdsb2NhdGlvbnNxJVgAAAAAVQVwaG9uZXEmWAwAAAA5MTk3MDQ3MTcwOTVVB2FkZHJlc3NxJ1gDAAAAa21yVQpjdXN0b21lcmlkcSiKAQNVD2lzZW1haWx2ZXJpZmllZHEpTlUKbW9iaWxlY29kZXEqWAUAAAAxMDk1NlUQaXNtb2JpbGV2ZXJpZmllZHErTlUFZGVhbHNxLFgAAAAAVQl1cGRhdGVkYnlxLU51YnMu','2013-09-19 08:14:38'),('0wb61bv64pxc5k0c53k04b4rwbxgxrjt','ZDVmMzBlYjhmMWE1NTBhZmJjMmRhZWFhMmQzMzUxZDQwMDVmNGZjYTqAAn1xAShVCEN1c3RvbWVyY2NvcHlfcmVnCl9yZWNvbnN0cnVjdG9yCnECY0luZGlhRGVucy5tb2RlbHMKQ3VzdG9tZXJzCnEDY19fYnVpbHRpbl9fCm9iamVjdApxBE6HUnEFfXEGKFUHcHJvZmlsZXEHWAAAAABVCHN1YnRpdGxlcQhYAAAAAFUIcGFyZW50aWRxCU5VBl9zdGF0ZXEKY2RqYW5nby5kYi5tb2RlbHMuYmFzZQpNb2RlbFN0YXRlCnELKYFxDH1xDShVBmFkZGluZ3EOiVUCZGJxD1UHZGVmYXVsdHViVQhrZXl3b3Jkc3EQWAAAAABVBGxvZ29xEVgAAAAAVQhsb2dpbnB3ZHESWAYAAAA4NjQ3OTNVCWVtYWlsY29kZXETWCIAAAAxOGpsNnhteDF6ZWR5azMyazVpcnUwMWRwYjljdW15ODBxVQV0aXRsZXEUWAAAAABVC2lzY29uZmlybWVkcRVOVQxjdXN0b21lcnR5cGVxFksCVQtjb25maXJtY29kZXEXWAAAAABVBmNpdHlpZHEYS0RVC2xvY2F0aW9ubWFwcRlYAAAAAFUFZW1haWxxGlgUAAAAbXVydGh5QGluZGlhZGVucy5jb21VCWlzZGVsZXRlZHEbTlUHd2Vic2l0ZXEcWAAAAABVA2ZheHEdWAAAAABVCWNvdW50cnlpZHEeSwFVC2Rlc2NyaXB0aW9ucR9YAAAAAFUJZmlyc3RuYW1lcSBYBgAAAE11cnRoeVUHc3RhdGVpZHEhSwtVCGxhc3RuYW1lcSJYCwAAAFB5ZGlrb25kYWxhVRBkZWFsaW5nbG9jYXRpb25zcSNYAAAAAFUFcGhvbmVxJFgMAAAAOTE4MDk2ODA2MDg5VQdhZGRyZXNzcSVYCwAAAERMRiBQaGFzZS0xVQpjdXN0b21lcmlkcSaKARRVD2lzZW1haWx2ZXJpZmllZHEnTlUKbW9iaWxlY29kZXEoWAUAAAAxMDk5OVUQaXNtb2JpbGV2ZXJpZmllZHEpTlUFZGVhbHNxKlgAAAAAVQl1cGRhdGVkYnlxK051YlUIcHJvcHR5cGVLAXUu','2013-09-18 13:59:12'),('0xl0igbcj8yklucj6ck0zeaj8ekmp6rw','YjgyZmI1MGJlY2I3ZDFmYTQ3OGE5YjAyY2Q3OTBlMTk3ZGE5OGIyMjqAAn1xAVUIQ3VzdG9tZXJjY29weV9yZWcKX3JlY29uc3RydWN0b3IKcQJjSW5kaWFEZW5zLm1vZGVscwpDdXN0b21lcnMKcQNjX19idWlsdGluX18Kb2JqZWN0CnEETodScQV9cQYoVQdwcm9maWxlcQdYAAAAAFUIc3VidGl0bGVxCFgAAAAAVQhwYXJlbnRpZHEJTlUGX3N0YXRlcQpjZGphbmdvLmRiLm1vZGVscy5iYXNlCk1vZGVsU3RhdGUKcQspgXEMfXENKFUGYWRkaW5ncQ6JVQJkYnEPVQdkZWZhdWx0dWJVCGtleXdvcmRzcRBYAAAAAFUEbG9nb3ERWAAAAABVCGxvZ2lucHdkcRJYBwAAAHdlbGNvbWVVCWVtYWlsY29kZXETWCEAAAAya28xaHYzNGt3d3lqdDlyNTJvZnI0eWF6aTU2bjF6aHVVBXRpdGxlcRRYAAAAAFULaXNjb25maXJtZWRxFU5VDGN1c3RvbWVydHlwZXEWSwBVC2NvbmZpcm1jb2RlcRdYAAAAAFUGY2l0eWlkcRhLGlULbG9jYXRpb25tYXBxGVgAAAAAVQVlbWFpbHEaWBMAAABhc2hva0BpbmRpYWRlbnMuY29tVQlpc2RlbGV0ZWRxG05VB3dlYnNpdGVxHFgAAAAAVQNmYXhxHVgAAAAAVQljb3VudHJ5aWRxHksBVQtkZXNjcmlwdGlvbnEfWAAAAABVCWZpcnN0bmFtZXEgWAUAAABhc2hva1UHc3RhdGVpZHEhSwFVCGxhc3RuYW1lcSJYBgAAAGRodWRsYVUQZGVhbGluZ2xvY2F0aW9uc3EjWAAAAABVBXBob25lcSRYDAAAADkxOTcwNDcxNzA5NVUHYWRkcmVzc3ElWAMAAABrbXJVCmN1c3RvbWVyaWRxJooBA1UPaXNlbWFpbHZlcmlmaWVkcSdOVQptb2JpbGVjb2RlcShYBQAAADEwOTU2VRBpc21vYmlsZXZlcmlmaWVkcSlOVQVkZWFsc3EqWAAAAABVCXVwZGF0ZWRieXErTnVicy4=','2013-09-17 13:12:01'),('1asbq9k51x1if0h3u82ue4gk4elkdw7h','YTAzZGJiMzlmNzYzMzUxY2MyZmY4MTk1M2ZmODYyNThlZDc1Njk5NjqAAn1xAVUIQ3VzdG9tZXJjY29weV9yZWcKX3JlY29uc3RydWN0b3IKcQJjSW5kaWFEZW5zLm1vZGVscwpDdXN0b21lcnMKcQNjX19idWlsdGluX18Kb2JqZWN0CnEETodScQV9cQYoVQdwcm9maWxlcQdYAAAAAFUIc3VidGl0bGVxCFgAAAAAVQhwYXJlbnRpZHEJTlUGX3N0YXRlcQpjZGphbmdvLmRiLm1vZGVscy5iYXNlCk1vZGVsU3RhdGUKcQspgXEMfXENKFUGYWRkaW5ncQ6JVQJkYnEPVQdkZWZhdWx0dWJVCGtleXdvcmRzcRBYAAAAAFUEbG9nb3ERWAAAAABVCGxvZ2lucHdkcRJYBwAAAHdlbGNvbWVVCWVtYWlsY29kZXETWCIAAAAxOGpsNnhteDF6ZWR5azMyazVpcnUwMWRwYjljdW15ODBxVQV0aXRsZXEUWAAAAABVC2lzY29uZmlybWVkcRVOVQxjdXN0b21lcnR5cGVxFksCVQtjb25maXJtY29kZXEXWAAAAABVBmNpdHlpZHEYS0RVC2xvY2F0aW9ubWFwcRlYAAAAAFUFZW1haWxxGlgUAAAAbXVydGh5QGluZGlhZGVucy5jb21VCWlzZGVsZXRlZHEbTlUHd2Vic2l0ZXEcWAAAAABVA2ZheHEdWAAAAABVCWNvdW50cnlpZHEeSwFVC2Rlc2NyaXB0aW9ucR9YAAAAAFUJZmlyc3RuYW1lcSBYBgAAAFJhbWVzaFUHc3RhdGVpZHEhSwtVCGxhc3RuYW1lcSJYBwAAAE5hbWJpYXJVEGRlYWxpbmdsb2NhdGlvbnNxI1gAAAAAVQVwaG9uZXEkWAwAAAA5MTgwOTY4MDYwODlVB2FkZHJlc3NxJVgLAAAARExGIFBoYXNlLTFVCmN1c3RvbWVyaWRxJooBFFUPaXNlbWFpbHZlcmlmaWVkcSdOVQptb2JpbGVjb2RlcShYBQAAADEwOTk5VRBpc21vYmlsZXZlcmlmaWVkcSlOVQVkZWFsc3EqWAAAAABVCXVwZGF0ZWRieXErTnVicy4=','2013-09-20 13:27:54'),('1c5rvv730ripocu36wwe7g9yx7k3j930','YWY2ODQ4YjU4ZjIwYzUxMTY4ZWQxMTczY2RhZDkzY2FjODY1MDA1MDqAAn1xAVULY29uZmlybWNvZGVxAlUEMjE2OHMu','2013-09-17 16:10:09'),('1dyo3wy24syuyrcv3nvys612yy8jrvc1','OTZhNDk5MGE5YWYwM2QyNjBkNDZiOWJiZDQ3NjIwODgwOTU1YjY2YjqAAn1xAShVCnJhbmRvbWNvZGVVBTEwNjQ3VQtjb25maXJtY29kZVUENDc4M3Uu','2013-09-16 11:02:54'),('1f0ql5gnhdqar3232dtt1sky9i531djs','MWFiYmZmODMyMzRkZGZiZjMxZGIzZGY1NDg3OGM0ZjMyYmM4ZDUwNjqAAn1xAShVCnJhbmRvbWNvZGVVBTEwNjE5VQhDdXN0b21lcmNjb3B5X3JlZwpfcmVjb25zdHJ1Y3RvcgpxAmNJbmRpYURlbnMubW9kZWxzCkN1c3RvbWVycwpxA2NfX2J1aWx0aW5fXwpvYmplY3QKcQROh1JxBX1xBihVB3Byb2ZpbGVxB1gAAAAAVQhzdWJ0aXRsZXEIWAAAAABVCHBhcmVudGlkcQlOVQZfc3RhdGVxCmNkamFuZ28uZGIubW9kZWxzLmJhc2UKTW9kZWxTdGF0ZQpxCymBcQx9cQ0oVQZhZGRpbmdxDolVAmRicQ9VB2RlZmF1bHR1YlUIa2V5d29yZHNxEFgAAAAAVQRsb2dvcRFYAAAAAFUIbG9naW5wd2RxElgGAAAAMzIxMjYyVQllbWFpbGNvZGVxE1giAAAAMjgxZjBxbDVnbmhkcWFyMzIzMmR0dDFza3k5aTUzMWRqc1UFdGl0bGVxFFgAAAAAVQtpc2NvbmZpcm1lZHEVTlUMY3VzdG9tZXJ0eXBlcRZLAVULY29uZmlybWNvZGVxF1gAAAAAVQZjaXR5aWRxGEsCVQtsb2NhdGlvbm1hcHEZWAAAAABVBWVtYWlscRpYEAAAAHJhanVwQGdvb2dsZS5jb21VCWlzZGVsZXRlZHEbTlUHd2Vic2l0ZXEcWAAAAABVA2ZheHEdWAAAAABVCWNvdW50cnlpZHEeTlULZGVzY3JpcHRpb25xH1gAAAAAVQlmaXJzdG5hbWVxIFgEAAAAUmFqdVUHc3RhdGVpZHEhSwJVCGxhc3RuYW1lcSJYAQAAAFBVEGRlYWxpbmdsb2NhdGlvbnNxI1gAAAAAVQVwaG9uZXEkWAwAAAA5MTQ1NjEyMzc4OTZVB2FkZHJlc3NxJVgAAAAAVQpjdXN0b21lcmlkcSaKAR1VD2lzZW1haWx2ZXJpZmllZHEnTlUKbW9iaWxlY29kZXEoWAUAAAAxMDYxOVUQaXNtb2JpbGV2ZXJpZmllZHEpTlUFZGVhbHNxKlgAAAAAVQl1cGRhdGVkYnlxK051YlULY29uZmlybWNvZGVVBDE0MTV1Lg==','2013-09-17 13:56:21'),('1fn2i9ihkq1mjpe1clpzc0dc6h798kg5','OWVhMmJkYjQ3YzVmZWVlYjA1Y2U3MTNiNjk2Y2RlMWUxMjVhNTVmNDqAAn1xAVUIQ3VzdG9tZXJxAmNjb3B5X3JlZwpfcmVjb25zdHJ1Y3RvcgpxA2NJbmRpYURlbnMubW9kZWxzCkN1c3RvbWVycwpxBGNfX2J1aWx0aW5fXwpvYmplY3QKcQVOh1JxBn1xByhVB3Byb2ZpbGVxCFgAAAAAVQhzdWJ0aXRsZXEJWAAAAABVCHBhcmVudGlkcQpOVQZfc3RhdGVxC2NkamFuZ28uZGIubW9kZWxzLmJhc2UKTW9kZWxTdGF0ZQpxDCmBcQ19cQ4oVQZhZGRpbmdxD4lVAmRicRBVB2RlZmF1bHRxEXViVQhrZXl3b3Jkc3ESWAAAAABVBGxvZ29xE1gAAAAAVQhsb2dpbnB3ZHEUWAcAAAB3ZWxjb21lVQllbWFpbGNvZGVxFVghAAAAMmtvMWh2MzRrd3d5anQ5cjUyb2ZyNHlhemk1Nm4xemh1VQV0aXRsZXEWWAAAAABVC2lzY29uZmlybWVkcRdOVQxjdXN0b21lcnR5cGVxGEsAVQtjb25maXJtY29kZXEZWAAAAABVBmNpdHlpZHEaSxpVC2xvY2F0aW9ubWFwcRtYAAAAAFUFZW1haWxxHFgTAAAAYXNob2tAaW5kaWFkZW5zLmNvbVUJaXNkZWxldGVkcR1OVQd3ZWJzaXRlcR5YAAAAAFUDZmF4cR9YAAAAAFUJY291bnRyeWlkcSBLAVULZGVzY3JpcHRpb25xIVgAAAAAVQlmaXJzdG5hbWVxIlgFAAAAYXNob2tVB3N0YXRlaWRxI0sBVQhsYXN0bmFtZXEkWAYAAABkaHVkbGFVEGRlYWxpbmdsb2NhdGlvbnNxJVgAAAAAVQVwaG9uZXEmWAwAAAA5MTk3MDQ3MTcwOTVVB2FkZHJlc3NxJ1gDAAAAa21yVQpjdXN0b21lcmlkcSiKAQNVD2lzZW1haWx2ZXJpZmllZHEpTlUKbW9iaWxlY29kZXEqWAUAAAAxMDk1NlUQaXNtb2JpbGV2ZXJpZmllZHErTlUFZGVhbHNxLFgAAAAAVQl1cGRhdGVkYnlxLU51YnMu','2013-09-19 08:41:52'),('1j064y5olx881v6plde11uj56iutv306','MGQ3ZDhkYjJhNDIyMTQwNDZmZTRlOTA3ZDYyZWYzYTVhMGVjZDU3YTqAAn1xAS4=','2013-09-20 14:25:41'),('1sbvw0pa2iepwz3ukuzwmznjdurpmc70','YjgyZmI1MGJlY2I3ZDFmYTQ3OGE5YjAyY2Q3OTBlMTk3ZGE5OGIyMjqAAn1xAVUIQ3VzdG9tZXJjY29weV9yZWcKX3JlY29uc3RydWN0b3IKcQJjSW5kaWFEZW5zLm1vZGVscwpDdXN0b21lcnMKcQNjX19idWlsdGluX18Kb2JqZWN0CnEETodScQV9cQYoVQdwcm9maWxlcQdYAAAAAFUIc3VidGl0bGVxCFgAAAAAVQhwYXJlbnRpZHEJTlUGX3N0YXRlcQpjZGphbmdvLmRiLm1vZGVscy5iYXNlCk1vZGVsU3RhdGUKcQspgXEMfXENKFUGYWRkaW5ncQ6JVQJkYnEPVQdkZWZhdWx0dWJVCGtleXdvcmRzcRBYAAAAAFUEbG9nb3ERWAAAAABVCGxvZ2lucHdkcRJYBwAAAHdlbGNvbWVVCWVtYWlsY29kZXETWCEAAAAya28xaHYzNGt3d3lqdDlyNTJvZnI0eWF6aTU2bjF6aHVVBXRpdGxlcRRYAAAAAFULaXNjb25maXJtZWRxFU5VDGN1c3RvbWVydHlwZXEWSwBVC2NvbmZpcm1jb2RlcRdYAAAAAFUGY2l0eWlkcRhLGlULbG9jYXRpb25tYXBxGVgAAAAAVQVlbWFpbHEaWBMAAABhc2hva0BpbmRpYWRlbnMuY29tVQlpc2RlbGV0ZWRxG05VB3dlYnNpdGVxHFgAAAAAVQNmYXhxHVgAAAAAVQljb3VudHJ5aWRxHksBVQtkZXNjcmlwdGlvbnEfWAAAAABVCWZpcnN0bmFtZXEgWAUAAABhc2hva1UHc3RhdGVpZHEhSwFVCGxhc3RuYW1lcSJYBgAAAGRodWRsYVUQZGVhbGluZ2xvY2F0aW9uc3EjWAAAAABVBXBob25lcSRYDAAAADkxOTcwNDcxNzA5NVUHYWRkcmVzc3ElWAMAAABrbXJVCmN1c3RvbWVyaWRxJooBA1UPaXNlbWFpbHZlcmlmaWVkcSdOVQptb2JpbGVjb2RlcShYBQAAADEwOTU2VRBpc21vYmlsZXZlcmlmaWVkcSlOVQVkZWFsc3EqWAAAAABVCXVwZGF0ZWRieXErTnVicy4=','2013-09-18 15:00:47'),('1w4vz2fou6veu060we7gp1hcilwbkdmj','MjIyZTdhNzQxNWIxMTA4NzgzYjRhZmFlZjk3NGYwMDViOWM0YTM2YjqAAn1xAShVCnJhbmRvbWNvZGVxAlUFMTAzMzRVC2NvbmZpcm1jb2RlVQQyNjkwdS4=','2013-09-06 10:54:11'),('3hgebmyh7axq3pn0hqitedu1bdjgpmrm','MGQ3ZDhkYjJhNDIyMTQwNDZmZTRlOTA3ZDYyZWYzYTVhMGVjZDU3YTqAAn1xAS4=','2013-09-06 10:39:07'),('3hmn3dfwup42s4z9ryue0b9398uf5gic','ZjJlZDg5MmUzYzc3ZmE3YTE3NzY1NDc0NjAwOTY0ZDUzZTljNDZiODqAAn1xAVUEVXNlcnECY2NvcHlfcmVnCl9yZWNvbnN0cnVjdG9yCnEDY0luZGlhRGVucy5tb2RlbHMKRW1wbG95ZWVzCnEEY19fYnVpbHRpbl9fCm9iamVjdApxBU6HUnEGfXEHKFUHZW1haWxpZHEIWBIAAAB2ZW51QGluZGlhZGVucy5jb21VBGNpdHlxCVgJAAAASHlkZXJhYmFkVRBidXNpbmVzc2NhdGVnb3J5cQpOVQplbXBsb3llZWlkcQuKAQJVCWZpcnN0bmFtZXEMWAkAAAB2ZW51Z29wYWxVCGJyYW5jaGlkcQ1OVQhsYXN0bmFtZXEOWAkAAAB2b3JhZ2FudGlVBXRpdGxlcQ9YAAAAAFUGX3N0YXRlcRBjZGphbmdvLmRiLm1vZGVscy5iYXNlCk1vZGVsU3RhdGUKcREpgXESfXETKFUGYWRkaW5ncRSJVQJkYnEVVQdkZWZhdWx0cRZ1YlULZGVzaWduYXRpb25xF1gAAAAAVQljb250YWN0bm9xGFgKAAAAODg4NTY2MjIyM1ULY29uZmlybWNvZGVxGVgAAAAAVQRyb2xlcRpYAQAAAFNVCGlzYWN0aXZlcRtVAQBVB3N0YXRlaWRxHEsCVQdhZGRyZXNzcR1YDAAAAFByYWthc2huYWdhclUMYnVzaW5lc3NpbmZvcR5YAAAAAFUHY291bnRyeXEfTlUIbG9naW5wd2RxIFgHAAAAd2VsY29tZVUFcGhvdG9xIVgjAAAAc3RhdGljL0xpc3RpbmdJbWFnZXMvRW1wbG95ZWUtMi5qcGd1YnMu','2013-09-20 12:20:23'),('45mblc18e5v79jwkm8b3ro99g85azg1m','MjY4ZTljZDU5Y2M1NzYxMTc4MTE5NzNlZjRkODQyMzRhZjZjOTFkMDqAAn1xAVUIcHJvcHR5cGVxAksBcy4=','2013-09-19 14:07:46'),('4enozyamdfq9ogemdcwtwppv2eplaihs','ODAxMmI1YzYwNzkyN2FmNzUxOTA0OGY3NzhkOWIwNzYwZDExMzc4NTqAAn1xAVUIQ3VzdG9tZXJxAmNjb3B5X3JlZwpfcmVjb25zdHJ1Y3RvcgpxA2NJbmRpYURlbnMubW9kZWxzCkN1c3RvbWVycwpxBGNfX2J1aWx0aW5fXwpvYmplY3QKcQVOh1JxBn1xByhVB3Byb2ZpbGVxCFgAAAAAVQhzdWJ0aXRsZXEJWAAAAABVCHBhcmVudGlkcQpOVQZfc3RhdGVxC2NkamFuZ28uZGIubW9kZWxzLmJhc2UKTW9kZWxTdGF0ZQpxDCmBcQ19cQ4oVQZhZGRpbmdxD4lVAmRicRBVB2RlZmF1bHRxEXViVQhrZXl3b3Jkc3ESWAAAAABVBGxvZ29xE1gAAAAAVQhsb2dpbnB3ZHEUWAcAAAB3ZWxjb21lVQllbWFpbGNvZGVxFVghAAAAMTRlbm96eWFtZGZxOW9nZW1kY3d0d3BwdjJlcGxhaWhzVQV0aXRsZXEWWAAAAABVC2lzY29uZmlybWVkcRdOVQxjdXN0b21lcnR5cGVxGEsAVQtjb25maXJtY29kZXEZWAAAAABVBmNpdHlpZHEaSwNVC2xvY2F0aW9ubWFwcRtYAAAAAFUFZW1haWxxHFgSAAAAdmVudUBpbmRpYWRlbnMuY29tVQlpc2RlbGV0ZWRxHU5VB3dlYnNpdGVxHlgAAAAAVQNmYXhxH1gAAAAAVQljb3VudHJ5aWRxIEsBVQtkZXNjcmlwdGlvbnEhWAAAAABVCWZpcnN0bmFtZXEiWAkAAAB2ZW51Z29wYWxVB3N0YXRlaWRxI0sCVQhsYXN0bmFtZXEkWAkAAAB2b3JhZ2FudGlVEGRlYWxpbmdsb2NhdGlvbnNxJVgAAAAAVQVwaG9uZXEmWAwAAAA5MTg4ODU2NjIyMjNVB2FkZHJlc3NxJ1gIAAAAQmVndW1wZXRVCmN1c3RvbWVyaWRxKIoBAlUPaXNlbWFpbHZlcmlmaWVkcSlLAVUKbW9iaWxlY29kZXEqWAUAAAAxMDI1MlUQaXNtb2JpbGV2ZXJpZmllZHErTlUFZGVhbHNxLFgAAAAAVQl1cGRhdGVkYnlxLU51YnMu','2013-09-06 10:19:07'),('4mlg970rtfst6tvgj65a46vdmwdg2y67','MGQ3ZDhkYjJhNDIyMTQwNDZmZTRlOTA3ZDYyZWYzYTVhMGVjZDU3YTqAAn1xAS4=','2013-09-06 12:58:39'),('4uhmxzdr7bzy3bhhu2pmihu61270lmoa','YTFiODI5ZDA4OWRkYzVhMTExZTFjZjVkYzBkN2U5ZGU5ZDA5ODFkZTqAAn1xAVUEVXNlcnECY2NvcHlfcmVnCl9yZWNvbnN0cnVjdG9yCnEDY0luZGlhRGVucy5tb2RlbHMKRW1wbG95ZWVzCnEEY19fYnVpbHRpbl9fCm9iamVjdApxBU6HUnEGfXEHKFUHZW1haWxpZHEIWBMAAABhZG1pbkBpbmRpYWRlbnMuY29tVQRjaXR5cQlYCQAAAEh5ZGVyYWJhZFUQYnVzaW5lc3NjYXRlZ29yeXEKTlUKZW1wbG95ZWVpZHELigEBVQlmaXJzdG5hbWVxDFgFAAAAQWRtaW5VCGJyYW5jaGlkcQ1OVQhsYXN0bmFtZXEOWAkAAABJbmRpYWRlbnNVBXRpdGxlcQ9YAAAAAFUGX3N0YXRlcRBjZGphbmdvLmRiLm1vZGVscy5iYXNlCk1vZGVsU3RhdGUKcREpgXESfXETKFUGYWRkaW5ncRSJVQJkYnEVVQdkZWZhdWx0cRZ1YlULZGVzaWduYXRpb25xF1gAAAAAVQljb250YWN0bm9xGFgAAAAAVQtjb25maXJtY29kZXEZWAAAAABVBHJvbGVxGlgBAAAAQVUIaXNhY3RpdmVxG1UBAFUHc3RhdGVpZHEcTlUHYWRkcmVzc3EdWAoAAABNYWRpbmFndWRhVQxidXNpbmVzc2luZm9xHlgAAAAAVQdjb3VudHJ5cR9OVQhsb2dpbnB3ZHEgWAcAAAB3ZWxjb21lVQVwaG90b3EhWAAAAAB1YnMu','2013-09-17 08:51:38'),('4vh2y0ehweay9x19rn0b36m7cfiu03nu','MzcyNzMzYzRjNWIzMmQ1ZTQ4OTIyMTg0YjRhMDA4MTdjOWFjYWJjNzqAAn1xAVUIQ3VzdG9tZXJxAmNjb3B5X3JlZwpfcmVjb25zdHJ1Y3RvcgpxA2NJbmRpYURlbnMubW9kZWxzCkN1c3RvbWVycwpxBGNfX2J1aWx0aW5fXwpvYmplY3QKcQVOh1JxBn1xByhVB3Byb2ZpbGVxCFgAAAAAVQhzdWJ0aXRsZXEJWAAAAABVCHBhcmVudGlkcQpOVQZfc3RhdGVxC2NkamFuZ28uZGIubW9kZWxzLmJhc2UKTW9kZWxTdGF0ZQpxDCmBcQ19cQ4oVQZhZGRpbmdxD4lVAmRicRBVB2RlZmF1bHRxEXViVQhrZXl3b3Jkc3ESWAAAAABVBGxvZ29xE1gAAAAAVQhsb2dpbnB3ZHEUWAcAAAB3ZWxjb21lVQllbWFpbGNvZGVxFVgiAAAAMThqbDZ4bXgxemVkeWszMms1aXJ1MDFkcGI5Y3VteTgwcVUFdGl0bGVxFlgAAAAAVQtpc2NvbmZpcm1lZHEXTlUMY3VzdG9tZXJ0eXBlcRhLAlULY29uZmlybWNvZGVxGVgAAAAAVQZjaXR5aWRxGktEVQtsb2NhdGlvbm1hcHEbWAAAAABVBWVtYWlscRxYFAAAAG11cnRoeUBpbmRpYWRlbnMuY29tVQlpc2RlbGV0ZWRxHU5VB3dlYnNpdGVxHlgAAAAAVQNmYXhxH1gAAAAAVQljb3VudHJ5aWRxIEsBVQtkZXNjcmlwdGlvbnEhWAAAAABVCWZpcnN0bmFtZXEiWAYAAABNdXJ0aHlVB3N0YXRlaWRxI0sLVQhsYXN0bmFtZXEkWAsAAABQeWRpa29uZGFsYVUQZGVhbGluZ2xvY2F0aW9uc3ElWAAAAABVBXBob25lcSZYDAAAADkxODA5NjgwNjA4OVUHYWRkcmVzc3EnWAsAAABETEYgUGhhc2UtMVUKY3VzdG9tZXJpZHEoigEUVQ9pc2VtYWlsdmVyaWZpZWRxKU5VCm1vYmlsZWNvZGVxKlgFAAAAMTA5OTlVEGlzbW9iaWxldmVyaWZpZWRxK05VBWRlYWxzcSxYAAAAAFUJdXBkYXRlZGJ5cS1OdWJzLg==','2013-09-19 09:09:15'),('532g846ufnr46l8tp475zll3duthy68k','MTk2NGNjNjE3ZGM4NGQ4Yjc5ZGE3MDZmMDUxYTA0ODJjM2ZhY2VhZjqAAn1xAVUIQ3VzdG9tZXJxAmNjb3B5X3JlZwpfcmVjb25zdHJ1Y3RvcgpxA2NJbmRpYURlbnMubW9kZWxzCkN1c3RvbWVycwpxBGNfX2J1aWx0aW5fXwpvYmplY3QKcQVOh1JxBn1xByhVB3Byb2ZpbGVxCFgAAAAAVQhzdWJ0aXRsZXEJWAAAAABVCHBhcmVudGlkcQpOVQZfc3RhdGVxC2NkamFuZ28uZGIubW9kZWxzLmJhc2UKTW9kZWxTdGF0ZQpxDCmBcQ19cQ4oVQZhZGRpbmdxD4lVAmRicRBVB2RlZmF1bHRxEXViVQhrZXl3b3Jkc3ESWAAAAABVBGxvZ29xE1gAAAAAVQhsb2dpbnB3ZHEUWAYAAAA4NTk5NTRVCWVtYWlsY29kZXEVWCIAAAAzMG8zN2g2aHF3bWc3NTBzYWw5cTdjZXc5dzZ3ZWE2Y2pjVQV0aXRsZXEWWAAAAABVC2lzY29uZmlybWVkcRdOVQxjdXN0b21lcnR5cGVxGEsBVQtjb25maXJtY29kZXEZWAAAAABVBmNpdHlpZHEaSwJVC2xvY2F0aW9ubWFwcRtYAAAAAFUFZW1haWxxHFgRAAAAbWFuc2lhQGdvb2dsZS5jb21VCWlzZGVsZXRlZHEdTlUHd2Vic2l0ZXEeWAAAAABVA2ZheHEfWAAAAABVCWNvdW50cnlpZHEgTlULZGVzY3JpcHRpb25xIVgAAAAAVQlmaXJzdG5hbWVxIlgFAAAAbWFuc2lVB3N0YXRlaWRxI0sCVQhsYXN0bmFtZXEkWAEAAABBVRBkZWFsaW5nbG9jYXRpb25zcSVYAAAAAFUFcGhvbmVxJlgMAAAAOTE3NTM5NjMxMjM2VQdhZGRyZXNzcSdYAAAAAFUKY3VzdG9tZXJpZHEoigEfVQ9pc2VtYWlsdmVyaWZpZWRxKU5VCm1vYmlsZWNvZGVxKlgFAAAAMTA0MjJVEGlzbW9iaWxldmVyaWZpZWRxK05VBWRlYWxzcSxYAAAAAFUJdXBkYXRlZGJ5cS1OdWJzLg==','2013-09-18 14:16:43'),('5ouw5dzcea7rrzod2uvqhb8u7287u4j1','YTFiODI5ZDA4OWRkYzVhMTExZTFjZjVkYzBkN2U5ZGU5ZDA5ODFkZTqAAn1xAVUEVXNlcnECY2NvcHlfcmVnCl9yZWNvbnN0cnVjdG9yCnEDY0luZGlhRGVucy5tb2RlbHMKRW1wbG95ZWVzCnEEY19fYnVpbHRpbl9fCm9iamVjdApxBU6HUnEGfXEHKFUHZW1haWxpZHEIWBMAAABhZG1pbkBpbmRpYWRlbnMuY29tVQRjaXR5cQlYCQAAAEh5ZGVyYWJhZFUQYnVzaW5lc3NjYXRlZ29yeXEKTlUKZW1wbG95ZWVpZHELigEBVQlmaXJzdG5hbWVxDFgFAAAAQWRtaW5VCGJyYW5jaGlkcQ1OVQhsYXN0bmFtZXEOWAkAAABJbmRpYWRlbnNVBXRpdGxlcQ9YAAAAAFUGX3N0YXRlcRBjZGphbmdvLmRiLm1vZGVscy5iYXNlCk1vZGVsU3RhdGUKcREpgXESfXETKFUGYWRkaW5ncRSJVQJkYnEVVQdkZWZhdWx0cRZ1YlULZGVzaWduYXRpb25xF1gAAAAAVQljb250YWN0bm9xGFgAAAAAVQtjb25maXJtY29kZXEZWAAAAABVBHJvbGVxGlgBAAAAQVUIaXNhY3RpdmVxG1UBAFUHc3RhdGVpZHEcTlUHYWRkcmVzc3EdWAoAAABNYWRpbmFndWRhVQxidXNpbmVzc2luZm9xHlgAAAAAVQdjb3VudHJ5cR9OVQhsb2dpbnB3ZHEgWAcAAAB3ZWxjb21lVQVwaG90b3EhWAAAAAB1YnMu','2013-09-17 09:23:46'),('5s0ztlyyax3ewmpwvlz4g4iu6nlxdjp9','NDY4YWEzMjc2YzY0MzYyZGU2Y2U1NjViNjQ0ZWYzM2ZmNDdkZTRlYjqAAn1xAVUIQ3VzdG9tZXJjY29weV9yZWcKX3JlY29uc3RydWN0b3IKcQJjSW5kaWFEZW5zLm1vZGVscwpDdXN0b21lcnMKcQNjX19idWlsdGluX18Kb2JqZWN0CnEETodScQV9cQYoVQdwcm9maWxlcQdYCQAAAHBlcm1hbmVudFUIc3VidGl0bGVxCFgHAAAAc2FkZ3NhZ1UIcGFyZW50aWRxCU5VBl9zdGF0ZXEKY2RqYW5nby5kYi5tb2RlbHMuYmFzZQpNb2RlbFN0YXRlCnELKYFxDH1xDShVBmFkZGluZ3EOiVUCZGJxD1UHZGVmYXVsdHViVQhrZXl3b3Jkc3EQWAAAAABVBGxvZ29xEVgOAAAAQ3VzdG9tZXItMi5qcGdVCGxvZ2lucHdkcRJYBwAAAHdlbGNvbWVVCWVtYWlsY29kZXETWCEAAAAxNGVub3p5YW1kZnE5b2dlbWRjd3R3cHB2MmVwbGFpaHNVBXRpdGxlcRRYDQAAAEUgU2V2YSBDZW50ZXJVC2lzY29uZmlybWVkcRVOVQxjdXN0b21lcnR5cGVxFksDVQtjb25maXJtY29kZXEXWAAAAABVBmNpdHlpZHEYSwNVC2xvY2F0aW9ubWFwcRlYAAAAAFUFZW1haWxxGlgSAAAAdmVudUBpbmRpYWRlbnMuY29tVQlpc2RlbGV0ZWRxG05VB3dlYnNpdGVxHFgRAAAAd3d3LmluZGlhZGVucy5jb21VA2ZheHEdWAsAAAAwNDAtNjU2NjU1MlUJY291bnRyeWlkcR5LAVULZGVzY3JpcHRpb25xH1gDAAAAYmxhVQlmaXJzdG5hbWVxIFgJAAAAdmVudWdvcGFsVQdzdGF0ZWlkcSFLAlUIbGFzdG5hbWVxIlgJAAAAdm9yYWdhbnRpVRBkZWFsaW5nbG9jYXRpb25zcSNYBAAAAGJsYSBVBXBob25lcSRYDAAAADkxODg4NTY2MjIyM1UHYWRkcmVzc3ElWAgAAABCZWd1bXBldFUKY3VzdG9tZXJpZHEmigECVQ9pc2VtYWlsdmVyaWZpZWRxJ0sBVQptb2JpbGVjb2RlcShYBQAAADEwMjUyVRBpc21vYmlsZXZlcmlmaWVkcSlOVQVkZWFsc3EqWAMAAABub29VCXVwZGF0ZWRieXErTnVicy4=','2013-09-16 13:03:57'),('60esesx3xbkv4rw4iosb65p7oi4x9m6k','YjY0MWVhN2EyOWMzMTM0NzFiY2EyZWYyODU1NDU5ZjIxMDI3OGI4ZDqAAn1xAShVCEN1c3RvbWVyY2NvcHlfcmVnCl9yZWNvbnN0cnVjdG9yCnECY0luZGlhRGVucy5tb2RlbHMKQ3VzdG9tZXJzCnEDY19fYnVpbHRpbl9fCm9iamVjdApxBE6HUnEFfXEGKFUHcHJvZmlsZXEHWAAAAABVCHN1YnRpdGxlcQhYAAAAAFUIcGFyZW50aWRxCU5VBl9zdGF0ZXEKY2RqYW5nby5kYi5tb2RlbHMuYmFzZQpNb2RlbFN0YXRlCnELKYFxDH1xDShVBmFkZGluZ3EOiVUCZGJxD1UHZGVmYXVsdHViVQhrZXl3b3Jkc3EQWAAAAABVBGxvZ29xEVgAAAAAVQhsb2dpbnB3ZHESWAYAAAA4ODgzODNVCWVtYWlsY29kZXETWCIAAAAzMjYwZXNlc3gzeGJrdjRydzRpb3NiNjVwN29pNHg5bTZrVQV0aXRsZXEUWAAAAABVC2lzY29uZmlybWVkcRVOVQxjdXN0b21lcnR5cGVxFksBVQtjb25maXJtY29kZXEXWAAAAABVBmNpdHlpZHEYSwNVC2xvY2F0aW9ubWFwcRlYAAAAAFUFZW1haWxxGlgQAAAAcmFqdXBAZ29vZ2xlLmNvbVUJaXNkZWxldGVkcRtOVQd3ZWJzaXRlcRxYAAAAAFUDZmF4cR1YAAAAAFUJY291bnRyeWlkcR5OVQtkZXNjcmlwdGlvbnEfWAAAAABVCWZpcnN0bmFtZXEgWAQAAABSYWp1VQdzdGF0ZWlkcSFLAlUIbGFzdG5hbWVxIlgBAAAAUFUQZGVhbGluZ2xvY2F0aW9uc3EjWAAAAABVBXBob25lcSRYDAAAADkxNzUzOTUxMjU4NlUHYWRkcmVzc3ElWAAAAABVCmN1c3RvbWVyaWRxJooBIVUPaXNlbWFpbHZlcmlmaWVkcSdOVQptb2JpbGVjb2RlcShYBQAAADEwOTM1VRBpc21vYmlsZXZlcmlmaWVkcSlOVQVkZWFsc3EqWAAAAABVCXVwZGF0ZWRieXErTnViVQpyYW5kb21jb2RlVQUxMDk1OVUIcHJvcHR5cGVLAVULY29uZmlybWNvZGVVBDMyNzNVB1Zpc2l0b3JxLGNkamFuZ28uZGIubW9kZWxzLnF1ZXJ5ClF1ZXJ5U2V0CnEtKYFxLn1xLyhVBV9pdGVycTBOVRlfcHJlZmV0Y2hfcmVsYXRlZF9sb29rdXBzcTFdcTJVDl9zdGlja3lfZmlsdGVycTOJVQNfZGJxNE5VDV9yZXN1bHRfY2FjaGVxNV1xNmgCY0luZGlhRGVucy5tb2RlbHMKVmlzaXRvcnMKcTdoBE6HUnE4fXE5KFUJcGlubnVtYmVycTpYBgAAADEyMzQ1NlUJdmlzaXRvcmlkcTuKAQJVBG5hbWVxPFgHAAAAYXJhdmluZGgTWAAAAABVCmNyZWF0ZWRhdGVxPWNkYXRldGltZQpkYXRldGltZQpxPlUKB90JFBEFLAAAAIVScT9VCG1vYmlsZW5vcUBYCQAAADgwOTg0NTUwN2gKaAspgXFBfXFCKGgOiWgPVQdkZWZhdWx0cUN1YmgpSwBoJ05oGlgcAAAAYXJhdmluZGdhamVsbGkxMjEwQGdtYWlsLmNvbXViYVUOX3ByZWZldGNoX2RvbmVxRIlVCl9mb3Jfd3JpdGVxRYlVBXF1ZXJ5cUZjZGphbmdvLmRiLm1vZGVscy5zcWwucXVlcnkKUXVlcnkKcUcpgXFIfXFJKFUVYWdncmVnYXRlX3NlbGVjdF9tYXNrcUpOVRdfYWdncmVnYXRlX3NlbGVjdF9jYWNoZXFLTlUFZXh0cmFxTGNkamFuZ28udXRpbHMuZGF0YXN0cnVjdHVyZXMKU29ydGVkRGljdApxTSmBcU59cU9VCGtleU9yZGVycVBdc2JVCGpvaW5fbWFwcVF9cVIoTlgIAAAAdmlzaXRvcnNxU05OdGhThXNVFXJlbGF0ZWRfc2VsZWN0X2ZpZWxkc3FUXVUMZXh0cmFfdGFibGVzcVUpVQZzZWxlY3RxVl1xV1UGdGFibGVzcVhdcVloU2FVDHVzZWRfYWxpYXNlc3FaY19fYnVpbHRpbl9fCnNldApxW11xXGhTYYVScV1VCG9yZGVyX2J5cV5dcV9VCGRpc3RpbmN0cWCJVQ5kdXBlX2F2b2lkYW5jZXFhfXFiVRBkZWZhdWx0X29yZGVyaW5ncWOIVQhncm91cF9ieXFkTlURc2VsZWN0X2Zvcl91cGRhdGVxZYlVDnNlbGVjdF9yZWxhdGVkcWaJVRBkZWZlcnJlZF9sb2FkaW5ncWdoW12FUnFoiIZxaVUNc2VsZWN0X2ZpZWxkc3FqXVUJYWxpYXNfbWFwcWt9cWxoU2NkamFuZ28uZGIubW9kZWxzLnNxbC5jb25zdGFudHMKSm9pbkluZm8KcW0oaFNoU05OTk6JdIFxbnNVCW1heF9kZXB0aHFvSwVVEXN0YW5kYXJkX29yZGVyaW5ncXCIVQ5leHRyYV9vcmRlcl9ieXFxKVUPZGlzdGluY3RfZmllbGRzcXJdcXNVCmFnZ3JlZ2F0ZXNxdGhNKYFxdX1xdmhQXXNiVRlfbG9hZGVkX2ZpZWxkX25hbWVzX2NhY2hlcXd9cXhVEWV4dHJhX3NlbGVjdF9tYXNrcXlOVRhzZWxlY3RfZm9yX3VwZGF0ZV9ub3dhaXRxeolVE19leHRyYV9zZWxlY3RfY2FjaGVxe05VCGxvd19tYXJrcXxLAFUOYWxpYXNfcmVmY291bnRxfX1xfmhTSwJzVRNyZWxhdGVkX3NlbGVjdF9jb2xzcX9dVQxkZWZhdWx0X2NvbHNxgIhVEG9yZGVyaW5nX2FsaWFzZXNxgV1xglUJaGlnaF9tYXJrcYNOVRlpbmNsdWRlZF9pbmhlcml0ZWRfbW9kZWxzcYR9cYVOaFNzVQl0YWJsZV9tYXBxhn1xh2hTXXGIaFNhc1ULd2hlcmVfY2xhc3NxiWNkamFuZ28uZGIubW9kZWxzLnNxbC53aGVyZQpXaGVyZU5vZGUKcYpVBW1vZGVscYtoN1UFd2hlcmVxjGiKKYFxjX1xjihVCWNvbm5lY3RvcnGPWAMAAABBTkRxkFUHbmVnYXRlZHGRiVUIY2hpbGRyZW5xkl1xkyhoiimBcZR9cZUoaI9VA0FORHGWaJGJaJJdcZcoY2RqYW5nby5kYi5tb2RlbHMuc3FsLndoZXJlCkNvbnN0cmFpbnQKcZgpgXGZfXGaKFUFYWxpYXNxm2hTaItoN1UKZmllbGRfbmFtZXGcaEBVA2NvbHGdWAgAAABNb2JpbGVOb3GedWJVBWV4YWN0cZ+IWAkAAAA4MDk4NDU1MDdxoHRxoWFVD3N1YnRyZWVfcGFyZW50c3GiXXViaIopgXGjfXGkKGiPaJBokYlokl1xpShomCmBcaZ9cacoaJtoU2iLaDdonGg6aJ1YCQAAAFBpbk51bWJlcnGodWJon4hYBgAAADEyMzQ1NnGpdHGqYWiiXXViZWiiXXViVQZoYXZpbmdxq2iKKYFxrH1xrShoj2iWaJGJaJJdaKJddWJVEGZpbHRlcl9pc19zdGlja3lxrol1YmiLaDdVFl9rbm93bl9yZWxhdGVkX29iamVjdHNxr31xsHVidS4=','2013-09-20 11:56:18'),('65ipmyp6dsjsawim3obztqmg749l7fh0','MGQ3ZDhkYjJhNDIyMTQwNDZmZTRlOTA3ZDYyZWYzYTVhMGVjZDU3YTqAAn1xAS4=','2013-09-18 11:31:27'),('6cq9egmj3jf9lvpv7hjc01f87d2w9wbj','MjY4ZTljZDU5Y2M1NzYxMTc4MTE5NzNlZjRkODQyMzRhZjZjOTFkMDqAAn1xAVUIcHJvcHR5cGVxAksBcy4=','2013-09-19 14:56:59'),('6f9x7spmbzt2n1r19htc39xewtzk6ds7','MjY4ZTljZDU5Y2M1NzYxMTc4MTE5NzNlZjRkODQyMzRhZjZjOTFkMDqAAn1xAVUIcHJvcHR5cGVxAksBcy4=','2013-09-17 12:41:29'),('6nq041z8c9ynqlkm0sluyj8l47ug880v','OWVhMmJkYjQ3YzVmZWVlYjA1Y2U3MTNiNjk2Y2RlMWUxMjVhNTVmNDqAAn1xAVUIQ3VzdG9tZXJxAmNjb3B5X3JlZwpfcmVjb25zdHJ1Y3RvcgpxA2NJbmRpYURlbnMubW9kZWxzCkN1c3RvbWVycwpxBGNfX2J1aWx0aW5fXwpvYmplY3QKcQVOh1JxBn1xByhVB3Byb2ZpbGVxCFgAAAAAVQhzdWJ0aXRsZXEJWAAAAABVCHBhcmVudGlkcQpOVQZfc3RhdGVxC2NkamFuZ28uZGIubW9kZWxzLmJhc2UKTW9kZWxTdGF0ZQpxDCmBcQ19cQ4oVQZhZGRpbmdxD4lVAmRicRBVB2RlZmF1bHRxEXViVQhrZXl3b3Jkc3ESWAAAAABVBGxvZ29xE1gAAAAAVQhsb2dpbnB3ZHEUWAcAAAB3ZWxjb21lVQllbWFpbGNvZGVxFVghAAAAMmtvMWh2MzRrd3d5anQ5cjUyb2ZyNHlhemk1Nm4xemh1VQV0aXRsZXEWWAAAAABVC2lzY29uZmlybWVkcRdOVQxjdXN0b21lcnR5cGVxGEsAVQtjb25maXJtY29kZXEZWAAAAABVBmNpdHlpZHEaSxpVC2xvY2F0aW9ubWFwcRtYAAAAAFUFZW1haWxxHFgTAAAAYXNob2tAaW5kaWFkZW5zLmNvbVUJaXNkZWxldGVkcR1OVQd3ZWJzaXRlcR5YAAAAAFUDZmF4cR9YAAAAAFUJY291bnRyeWlkcSBLAVULZGVzY3JpcHRpb25xIVgAAAAAVQlmaXJzdG5hbWVxIlgFAAAAYXNob2tVB3N0YXRlaWRxI0sBVQhsYXN0bmFtZXEkWAYAAABkaHVkbGFVEGRlYWxpbmdsb2NhdGlvbnNxJVgAAAAAVQVwaG9uZXEmWAwAAAA5MTk3MDQ3MTcwOTVVB2FkZHJlc3NxJ1gDAAAAa21yVQpjdXN0b21lcmlkcSiKAQNVD2lzZW1haWx2ZXJpZmllZHEpTlUKbW9iaWxlY29kZXEqWAUAAAAxMDk1NlUQaXNtb2JpbGV2ZXJpZmllZHErTlUFZGVhbHNxLFgAAAAAVQl1cGRhdGVkYnlxLU51YnMu','2013-09-18 09:50:00'),('6ory3rd0b1qz75eigduc3obtukrqdw6f','MGQ3ZDhkYjJhNDIyMTQwNDZmZTRlOTA3ZDYyZWYzYTVhMGVjZDU3YTqAAn1xAS4=','2013-09-18 15:11:35'),('6via9wa7r5cqnzcuahln69do0sdu7lpn','OWVhMmJkYjQ3YzVmZWVlYjA1Y2U3MTNiNjk2Y2RlMWUxMjVhNTVmNDqAAn1xAVUIQ3VzdG9tZXJxAmNjb3B5X3JlZwpfcmVjb25zdHJ1Y3RvcgpxA2NJbmRpYURlbnMubW9kZWxzCkN1c3RvbWVycwpxBGNfX2J1aWx0aW5fXwpvYmplY3QKcQVOh1JxBn1xByhVB3Byb2ZpbGVxCFgAAAAAVQhzdWJ0aXRsZXEJWAAAAABVCHBhcmVudGlkcQpOVQZfc3RhdGVxC2NkamFuZ28uZGIubW9kZWxzLmJhc2UKTW9kZWxTdGF0ZQpxDCmBcQ19cQ4oVQZhZGRpbmdxD4lVAmRicRBVB2RlZmF1bHRxEXViVQhrZXl3b3Jkc3ESWAAAAABVBGxvZ29xE1gAAAAAVQhsb2dpbnB3ZHEUWAcAAAB3ZWxjb21lVQllbWFpbGNvZGVxFVghAAAAMmtvMWh2MzRrd3d5anQ5cjUyb2ZyNHlhemk1Nm4xemh1VQV0aXRsZXEWWAAAAABVC2lzY29uZmlybWVkcRdOVQxjdXN0b21lcnR5cGVxGEsAVQtjb25maXJtY29kZXEZWAAAAABVBmNpdHlpZHEaSxpVC2xvY2F0aW9ubWFwcRtYAAAAAFUFZW1haWxxHFgTAAAAYXNob2tAaW5kaWFkZW5zLmNvbVUJaXNkZWxldGVkcR1OVQd3ZWJzaXRlcR5YAAAAAFUDZmF4cR9YAAAAAFUJY291bnRyeWlkcSBLAVULZGVzY3JpcHRpb25xIVgAAAAAVQlmaXJzdG5hbWVxIlgFAAAAYXNob2tVB3N0YXRlaWRxI0sBVQhsYXN0bmFtZXEkWAYAAABkaHVkbGFVEGRlYWxpbmdsb2NhdGlvbnNxJVgAAAAAVQVwaG9uZXEmWAwAAAA5MTk3MDQ3MTcwOTVVB2FkZHJlc3NxJ1gDAAAAa21yVQpjdXN0b21lcmlkcSiKAQNVD2lzZW1haWx2ZXJpZmllZHEpTlUKbW9iaWxlY29kZXEqWAUAAAAxMDk1NlUQaXNtb2JpbGV2ZXJpZmllZHErTlUFZGVhbHNxLFgAAAAAVQl1cGRhdGVkYnlxLU51YnMu','2013-09-18 08:34:03'),('726g0soie1h535s9480ubztkm2q9mg9q','OWVhMmJkYjQ3YzVmZWVlYjA1Y2U3MTNiNjk2Y2RlMWUxMjVhNTVmNDqAAn1xAVUIQ3VzdG9tZXJxAmNjb3B5X3JlZwpfcmVjb25zdHJ1Y3RvcgpxA2NJbmRpYURlbnMubW9kZWxzCkN1c3RvbWVycwpxBGNfX2J1aWx0aW5fXwpvYmplY3QKcQVOh1JxBn1xByhVB3Byb2ZpbGVxCFgAAAAAVQhzdWJ0aXRsZXEJWAAAAABVCHBhcmVudGlkcQpOVQZfc3RhdGVxC2NkamFuZ28uZGIubW9kZWxzLmJhc2UKTW9kZWxTdGF0ZQpxDCmBcQ19cQ4oVQZhZGRpbmdxD4lVAmRicRBVB2RlZmF1bHRxEXViVQhrZXl3b3Jkc3ESWAAAAABVBGxvZ29xE1gAAAAAVQhsb2dpbnB3ZHEUWAcAAAB3ZWxjb21lVQllbWFpbGNvZGVxFVghAAAAMmtvMWh2MzRrd3d5anQ5cjUyb2ZyNHlhemk1Nm4xemh1VQV0aXRsZXEWWAAAAABVC2lzY29uZmlybWVkcRdOVQxjdXN0b21lcnR5cGVxGEsAVQtjb25maXJtY29kZXEZWAAAAABVBmNpdHlpZHEaSxpVC2xvY2F0aW9ubWFwcRtYAAAAAFUFZW1haWxxHFgTAAAAYXNob2tAaW5kaWFkZW5zLmNvbVUJaXNkZWxldGVkcR1OVQd3ZWJzaXRlcR5YAAAAAFUDZmF4cR9YAAAAAFUJY291bnRyeWlkcSBLAVULZGVzY3JpcHRpb25xIVgAAAAAVQlmaXJzdG5hbWVxIlgFAAAAYXNob2tVB3N0YXRlaWRxI0sBVQhsYXN0bmFtZXEkWAYAAABkaHVkbGFVEGRlYWxpbmdsb2NhdGlvbnNxJVgAAAAAVQVwaG9uZXEmWAwAAAA5MTk3MDQ3MTcwOTVVB2FkZHJlc3NxJ1gDAAAAa21yVQpjdXN0b21lcmlkcSiKAQNVD2lzZW1haWx2ZXJpZmllZHEpTlUKbW9iaWxlY29kZXEqWAUAAAAxMDk1NlUQaXNtb2JpbGV2ZXJpZmllZHErTlUFZGVhbHNxLFgAAAAAVQl1cGRhdGVkYnlxLU51YnMu','2013-09-19 09:04:24'),('7bm2eyg2ijcygvugok0nihipc29l0wjl','MGQ3ZDhkYjJhNDIyMTQwNDZmZTRlOTA3ZDYyZWYzYTVhMGVjZDU3YTqAAn1xAS4=','2013-09-13 14:12:12'),('7ohnnn1rekq688kh16nggyabit3okaww','YjgyZmI1MGJlY2I3ZDFmYTQ3OGE5YjAyY2Q3OTBlMTk3ZGE5OGIyMjqAAn1xAVUIQ3VzdG9tZXJjY29weV9yZWcKX3JlY29uc3RydWN0b3IKcQJjSW5kaWFEZW5zLm1vZGVscwpDdXN0b21lcnMKcQNjX19idWlsdGluX18Kb2JqZWN0CnEETodScQV9cQYoVQdwcm9maWxlcQdYAAAAAFUIc3VidGl0bGVxCFgAAAAAVQhwYXJlbnRpZHEJTlUGX3N0YXRlcQpjZGphbmdvLmRiLm1vZGVscy5iYXNlCk1vZGVsU3RhdGUKcQspgXEMfXENKFUGYWRkaW5ncQ6JVQJkYnEPVQdkZWZhdWx0dWJVCGtleXdvcmRzcRBYAAAAAFUEbG9nb3ERWAAAAABVCGxvZ2lucHdkcRJYBwAAAHdlbGNvbWVVCWVtYWlsY29kZXETWCEAAAAya28xaHYzNGt3d3lqdDlyNTJvZnI0eWF6aTU2bjF6aHVVBXRpdGxlcRRYAAAAAFULaXNjb25maXJtZWRxFU5VDGN1c3RvbWVydHlwZXEWSwBVC2NvbmZpcm1jb2RlcRdYAAAAAFUGY2l0eWlkcRhLGlULbG9jYXRpb25tYXBxGVgAAAAAVQVlbWFpbHEaWBMAAABhc2hva0BpbmRpYWRlbnMuY29tVQlpc2RlbGV0ZWRxG05VB3dlYnNpdGVxHFgAAAAAVQNmYXhxHVgAAAAAVQljb3VudHJ5aWRxHksBVQtkZXNjcmlwdGlvbnEfWAAAAABVCWZpcnN0bmFtZXEgWAUAAABhc2hva1UHc3RhdGVpZHEhSwFVCGxhc3RuYW1lcSJYBgAAAGRodWRsYVUQZGVhbGluZ2xvY2F0aW9uc3EjWAAAAABVBXBob25lcSRYDAAAADkxOTcwNDcxNzA5NVUHYWRkcmVzc3ElWAMAAABrbXJVCmN1c3RvbWVyaWRxJooBA1UPaXNlbWFpbHZlcmlmaWVkcSdOVQptb2JpbGVjb2RlcShYBQAAADEwOTU2VRBpc21vYmlsZXZlcmlmaWVkcSlOVQVkZWFsc3EqWAAAAABVCXVwZGF0ZWRieXErTnVicy4=','2013-09-17 09:34:14'),('7tj9b9n6t8cgqcfzek4xzxshbuuft27t','MGQ3ZDhkYjJhNDIyMTQwNDZmZTRlOTA3ZDYyZWYzYTVhMGVjZDU3YTqAAn1xAS4=','2013-09-19 10:36:00'),('85482m717fk4274r62yvf366677hevul','NGY2ODcxMjUzYmNkZmZmN2VhM2MzM2E2NDMwNDZhMmVmYjk5Njc5NjqAAn1xAShVCEN1c3RvbWVycQJjY29weV9yZWcKX3JlY29uc3RydWN0b3IKcQNjSW5kaWFEZW5zLm1vZGVscwpDdXN0b21lcnMKcQRjX19idWlsdGluX18Kb2JqZWN0CnEFTodScQZ9cQcoVQdwcm9maWxlcQhYAAAAAFUIc3VidGl0bGVxCVgAAAAAVQhwYXJlbnRpZHEKTlUGX3N0YXRlcQtjZGphbmdvLmRiLm1vZGVscy5iYXNlCk1vZGVsU3RhdGUKcQwpgXENfXEOKFUGYWRkaW5ncQ+JVQJkYnEQVQdkZWZhdWx0cRF1YlUIa2V5d29yZHNxElgAAAAAVQRsb2dvcRNYAAAAAFUIbG9naW5wd2RxFFgGAAAAMzE1MDY1VQllbWFpbGNvZGVxFVgiAAAAMTJ5eW9sNXBrM3hvc2w1dHYycWFvaG1rbHI3cHluaDl0YVUFdGl0bGVxFlgAAAAAVQtpc2NvbmZpcm1lZHEXTlUMY3VzdG9tZXJ0eXBlcRhOVQtjb25maXJtY29kZXEZWAAAAABVBmNpdHlpZHEaSwNVC2xvY2F0aW9ubWFwcRtYAAAAAFUFZW1haWxxHFgUAAAAbXVydGh5QGluZGlhZGVucy5jb21VCWlzZGVsZXRlZHEdTlUHd2Vic2l0ZXEeWAAAAABVA2ZheHEfWAAAAABVCWNvdW50cnlpZHEgTlULZGVzY3JpcHRpb25xIVgAAAAAVQlmaXJzdG5hbWVxIlgAAAAAVQdzdGF0ZWlkcSNLAVUIbGFzdG5hbWVxJFgLAAAAUHlkaWtvbmRhbGFVEGRlYWxpbmdsb2NhdGlvbnNxJVgAAAAAVQVwaG9uZXEmWAwAAAA5MTgwOTY4MDYwODlVB2FkZHJlc3NxJ1gAAAAAVQpjdXN0b21lcmlkcSiKAQ5VD2lzZW1haWx2ZXJpZmllZHEpTlUKbW9iaWxlY29kZXEqWAUAAAAxMDE0M1UQaXNtb2JpbGV2ZXJpZmllZHErTlUFZGVhbHNxLFgAAAAAVQl1cGRhdGVkYnlxLU51YlULY29uZmlybWNvZGVVBDU3Nzh1Lg==','2013-09-16 12:46:16'),('86d1e4gz209js54i3az1wt6stpxhl1fq','OWVhMmJkYjQ3YzVmZWVlYjA1Y2U3MTNiNjk2Y2RlMWUxMjVhNTVmNDqAAn1xAVUIQ3VzdG9tZXJxAmNjb3B5X3JlZwpfcmVjb25zdHJ1Y3RvcgpxA2NJbmRpYURlbnMubW9kZWxzCkN1c3RvbWVycwpxBGNfX2J1aWx0aW5fXwpvYmplY3QKcQVOh1JxBn1xByhVB3Byb2ZpbGVxCFgAAAAAVQhzdWJ0aXRsZXEJWAAAAABVCHBhcmVudGlkcQpOVQZfc3RhdGVxC2NkamFuZ28uZGIubW9kZWxzLmJhc2UKTW9kZWxTdGF0ZQpxDCmBcQ19cQ4oVQZhZGRpbmdxD4lVAmRicRBVB2RlZmF1bHRxEXViVQhrZXl3b3Jkc3ESWAAAAABVBGxvZ29xE1gAAAAAVQhsb2dpbnB3ZHEUWAcAAAB3ZWxjb21lVQllbWFpbGNvZGVxFVghAAAAMmtvMWh2MzRrd3d5anQ5cjUyb2ZyNHlhemk1Nm4xemh1VQV0aXRsZXEWWAAAAABVC2lzY29uZmlybWVkcRdOVQxjdXN0b21lcnR5cGVxGEsAVQtjb25maXJtY29kZXEZWAAAAABVBmNpdHlpZHEaSxpVC2xvY2F0aW9ubWFwcRtYAAAAAFUFZW1haWxxHFgTAAAAYXNob2tAaW5kaWFkZW5zLmNvbVUJaXNkZWxldGVkcR1OVQd3ZWJzaXRlcR5YAAAAAFUDZmF4cR9YAAAAAFUJY291bnRyeWlkcSBLAVULZGVzY3JpcHRpb25xIVgAAAAAVQlmaXJzdG5hbWVxIlgFAAAAYXNob2tVB3N0YXRlaWRxI0sBVQhsYXN0bmFtZXEkWAYAAABkaHVkbGFVEGRlYWxpbmdsb2NhdGlvbnNxJVgAAAAAVQVwaG9uZXEmWAwAAAA5MTk3MDQ3MTcwOTVVB2FkZHJlc3NxJ1gDAAAAa21yVQpjdXN0b21lcmlkcSiKAQNVD2lzZW1haWx2ZXJpZmllZHEpTlUKbW9iaWxlY29kZXEqWAUAAAAxMDk1NlUQaXNtb2JpbGV2ZXJpZmllZHErTlUFZGVhbHNxLFgAAAAAVQl1cGRhdGVkYnlxLU51YnMu','2013-09-20 06:43:08'),('8fx8yau2j4mi39oncb4xaxxjo1pi6k9e','MzcyNzMzYzRjNWIzMmQ1ZTQ4OTIyMTg0YjRhMDA4MTdjOWFjYWJjNzqAAn1xAVUIQ3VzdG9tZXJxAmNjb3B5X3JlZwpfcmVjb25zdHJ1Y3RvcgpxA2NJbmRpYURlbnMubW9kZWxzCkN1c3RvbWVycwpxBGNfX2J1aWx0aW5fXwpvYmplY3QKcQVOh1JxBn1xByhVB3Byb2ZpbGVxCFgAAAAAVQhzdWJ0aXRsZXEJWAAAAABVCHBhcmVudGlkcQpOVQZfc3RhdGVxC2NkamFuZ28uZGIubW9kZWxzLmJhc2UKTW9kZWxTdGF0ZQpxDCmBcQ19cQ4oVQZhZGRpbmdxD4lVAmRicRBVB2RlZmF1bHRxEXViVQhrZXl3b3Jkc3ESWAAAAABVBGxvZ29xE1gAAAAAVQhsb2dpbnB3ZHEUWAcAAAB3ZWxjb21lVQllbWFpbGNvZGVxFVgiAAAAMThqbDZ4bXgxemVkeWszMms1aXJ1MDFkcGI5Y3VteTgwcVUFdGl0bGVxFlgAAAAAVQtpc2NvbmZpcm1lZHEXTlUMY3VzdG9tZXJ0eXBlcRhLAlULY29uZmlybWNvZGVxGVgAAAAAVQZjaXR5aWRxGktEVQtsb2NhdGlvbm1hcHEbWAAAAABVBWVtYWlscRxYFAAAAG11cnRoeUBpbmRpYWRlbnMuY29tVQlpc2RlbGV0ZWRxHU5VB3dlYnNpdGVxHlgAAAAAVQNmYXhxH1gAAAAAVQljb3VudHJ5aWRxIEsBVQtkZXNjcmlwdGlvbnEhWAAAAABVCWZpcnN0bmFtZXEiWAYAAABNdXJ0aHlVB3N0YXRlaWRxI0sLVQhsYXN0bmFtZXEkWAsAAABQeWRpa29uZGFsYVUQZGVhbGluZ2xvY2F0aW9uc3ElWAAAAABVBXBob25lcSZYDAAAADkxODA5NjgwNjA4OVUHYWRkcmVzc3EnWAsAAABETEYgUGhhc2UtMVUKY3VzdG9tZXJpZHEoigEUVQ9pc2VtYWlsdmVyaWZpZWRxKU5VCm1vYmlsZWNvZGVxKlgFAAAAMTA5OTlVEGlzbW9iaWxldmVyaWZpZWRxK05VBWRlYWxzcSxYAAAAAFUJdXBkYXRlZGJ5cS1OdWJzLg==','2013-09-20 07:54:26'),('8mgu6nv04udmcd9ilxer9rxv1agt1j05','YTAzZGJiMzlmNzYzMzUxY2MyZmY4MTk1M2ZmODYyNThlZDc1Njk5NjqAAn1xAVUIQ3VzdG9tZXJjY29weV9yZWcKX3JlY29uc3RydWN0b3IKcQJjSW5kaWFEZW5zLm1vZGVscwpDdXN0b21lcnMKcQNjX19idWlsdGluX18Kb2JqZWN0CnEETodScQV9cQYoVQdwcm9maWxlcQdYAAAAAFUIc3VidGl0bGVxCFgAAAAAVQhwYXJlbnRpZHEJTlUGX3N0YXRlcQpjZGphbmdvLmRiLm1vZGVscy5iYXNlCk1vZGVsU3RhdGUKcQspgXEMfXENKFUGYWRkaW5ncQ6JVQJkYnEPVQdkZWZhdWx0dWJVCGtleXdvcmRzcRBYAAAAAFUEbG9nb3ERWAAAAABVCGxvZ2lucHdkcRJYBwAAAHdlbGNvbWVVCWVtYWlsY29kZXETWCIAAAAxOGpsNnhteDF6ZWR5azMyazVpcnUwMWRwYjljdW15ODBxVQV0aXRsZXEUWAAAAABVC2lzY29uZmlybWVkcRVOVQxjdXN0b21lcnR5cGVxFksCVQtjb25maXJtY29kZXEXWAAAAABVBmNpdHlpZHEYS0RVC2xvY2F0aW9ubWFwcRlYAAAAAFUFZW1haWxxGlgUAAAAbXVydGh5QGluZGlhZGVucy5jb21VCWlzZGVsZXRlZHEbTlUHd2Vic2l0ZXEcWAAAAABVA2ZheHEdWAAAAABVCWNvdW50cnlpZHEeSwFVC2Rlc2NyaXB0aW9ucR9YAAAAAFUJZmlyc3RuYW1lcSBYBgAAAFJhbWVzaFUHc3RhdGVpZHEhSwtVCGxhc3RuYW1lcSJYBwAAAE5hbWJpYXJVEGRlYWxpbmdsb2NhdGlvbnNxI1gAAAAAVQVwaG9uZXEkWAwAAAA5MTgwOTY4MDYwODlVB2FkZHJlc3NxJVgLAAAARExGIFBoYXNlLTFVCmN1c3RvbWVyaWRxJooBFFUPaXNlbWFpbHZlcmlmaWVkcSdOVQptb2JpbGVjb2RlcShYBQAAADEwOTk5VRBpc21vYmlsZXZlcmlmaWVkcSlOVQVkZWFsc3EqWAAAAABVCXVwZGF0ZWRieXErTnVicy4=','2013-09-20 13:55:04'),('8pvn4i9k2j1mcgqo7ledz0vilnr7xkev','YmJjMDUyMzk0MGU4YTUwMzAyNWIzZmU5OTVlMzY3OWI2NDI1MWM2OTqAAn1xAShVCEN1c3RvbWVyY2NvcHlfcmVnCl9yZWNvbnN0cnVjdG9yCnECY0luZGlhRGVucy5tb2RlbHMKQ3VzdG9tZXJzCnEDY19fYnVpbHRpbl9fCm9iamVjdApxBE6HUnEFfXEGKFUHcHJvZmlsZXEHWAAAAABVCHN1YnRpdGxlcQhYAAAAAFUIcGFyZW50aWRxCU5VBl9zdGF0ZXEKY2RqYW5nby5kYi5tb2RlbHMuYmFzZQpNb2RlbFN0YXRlCnELKYFxDH1xDShVBmFkZGluZ3EOiVUCZGJxD1UHZGVmYXVsdHViVQhrZXl3b3Jkc3EQWAAAAABVBGxvZ29xEVgAAAAAVQhsb2dpbnB3ZHESWAcAAAB3ZWxjb21lVQllbWFpbGNvZGVxE1giAAAAMzFxZHN4YWVycnQ0bmdzcDQzdHRtNGFzMjJnNHU2a2ZtelUFdGl0bGVxFFgAAAAAVQtpc2NvbmZpcm1lZHEVTlUMY3VzdG9tZXJ0eXBlcRZLAVULY29uZmlybWNvZGVxF1gAAAAAVQZjaXR5aWRxGEsDVQtsb2NhdGlvbm1hcHEZWAAAAABVBWVtYWlscRpYFQAAAG11cnRoeUBleHBlcnRzZGVuLmNvbVUJaXNkZWxldGVkcRtOVQd3ZWJzaXRlcRxYAAAAAFUDZmF4cR1YAAAAAFUJY291bnRyeWlkcR5OVQtkZXNjcmlwdGlvbnEfWAAAAABVCWZpcnN0bmFtZXEgWAYAAABNdXJ0aHlVB3N0YXRlaWRxIUsCVQhsYXN0bmFtZXEiWAsAAABQeWRpa29uZGFsYVUQZGVhbGluZ2xvY2F0aW9uc3EjWAAAAABVBXBob25lcSRYDAAAADkxODA5NjgwNjA4OVUHYWRkcmVzc3ElWAAAAABVCmN1c3RvbWVyaWRxJooBIFUPaXNlbWFpbHZlcmlmaWVkcSdOVQptb2JpbGVjb2RlcShYBQAAADEwNjc1VRBpc21vYmlsZXZlcmlmaWVkcSlOVQVkZWFsc3EqWAAAAABVCXVwZGF0ZWRieXErTnViVQhwcm9wdHlwZXEsSwF1Lg==','2013-09-20 08:29:08'),('8sd46025f3ar41w4uzqwz474hogv4ucx','NWU0YWY1OTA1MWM1NzVlZDM5ZWYwNGZkYmM3YmMzOGZlMGNhZWFiOTqAAn1xAShVCHByb3B0eXBlSwFVB1Zpc2l0b3JjY29weV9yZWcKX3JlY29uc3RydWN0b3IKcQJjSW5kaWFEZW5zLm1vZGVscwpWaXNpdG9ycwpxA2NfX2J1aWx0aW5fXwpvYmplY3QKcQROh1JxBX1xBihVCXBpbm51bWJlcnEHWAQAAAByYXZpVQl2aXNpdG9yaWRxCIoBB1UEbmFtZXEJWAQAAABSYXZpVQllbWFpbGNvZGVxClgAAAAAVQpjcmVhdGVkYXRlcQtjZGF0ZXRpbWUKZGF0ZXRpbWUKcQxVCgfdCRQCKwgAAACFUnENVQhtb2JpbGVub3EOWAoAAAA5NDQwMzYzNjk0VQZfc3RhdGVxD2NkamFuZ28uZGIubW9kZWxzLmJhc2UKTW9kZWxTdGF0ZQpxECmBcRF9cRIoVQZhZGRpbmdxE4lVAmRicRRVB2RlZmF1bHR1YlUQaXNtb2JpbGV2ZXJpZmllZHEVSwFVD2lzZW1haWx2ZXJpZmllZHEWSwBVDWlzYWNjZXB0dGVybXNxF0sBVQVlbWFpbHEYWBUAAAByYXZpZ2FqZWxsaUBnbWFpbC5jb211YlUIQmVkUm9vbXNYAQAAADBVBVBUeXBlWAIAAAAxMHEZVQZDaXR5SWRYAAAAAFUHQWRkcmVzc1gAAAAAdS4=','2013-09-20 15:02:26'),('8x5apzj5klres4wuqb9w3sb1ssja23ni','NGI5YTQ0ODczNmQ1MjA4Y2RkN2ZiYzBmMmM0YTRiYjhhZGZkYWY2MzqAAn1xAVUEVXNlcmNjb3B5X3JlZwpfcmVjb25zdHJ1Y3RvcgpxAmNJbmRpYURlbnMubW9kZWxzCkVtcGxveWVlcwpxA2NfX2J1aWx0aW5fXwpvYmplY3QKcQROh1JxBX1xBihVB2VtYWlsaWRxB1gSAAAAdmVudUBpbmRpYWRlbnMuY29tVQRjaXR5cQhYCQAAAEh5ZGVyYWJhZFUQYnVzaW5lc3NjYXRlZ29yeXEJTlUKZW1wbG95ZWVpZHEKigECVQlmaXJzdG5hbWVxC1gJAAAAdmVudWdvcGFsVQhicmFuY2hpZHEMTlUIbGFzdG5hbWVxDVgJAAAAdm9yYWdhbnRpVQV0aXRsZXEOWAAAAABVBl9zdGF0ZXEPY2RqYW5nby5kYi5tb2RlbHMuYmFzZQpNb2RlbFN0YXRlCnEQKYFxEX1xEihVBmFkZGluZ3ETiVUCZGJxFFUHZGVmYXVsdHViVQtkZXNpZ25hdGlvbnEVWAAAAABVCWNvbnRhY3Rub3EWWAoAAAA4ODg1NjYyMjIzVQtjb25maXJtY29kZXEXWAAAAABVBHJvbGVxGFgBAAAAU1UIaXNhY3RpdmVxGVUBAFUHc3RhdGVpZHEaSwJVB2FkZHJlc3NxG1gMAAAAUHJha2FzaG5hZ2FyVQxidXNpbmVzc2luZm9xHFgAAAAAVQdjb3VudHJ5cR1OVQhsb2dpbnB3ZHEeWAcAAAB3ZWxjb21lVQVwaG90b3EfWCMAAABzdGF0aWMvTGlzdGluZ0ltYWdlcy9FbXBsb3llZS0yLmpwZ3Vicy4=','2013-09-19 07:18:14'),('923eatw2ub0psia4wsx0qu16qlwndiuv','ZjJlZDg5MmUzYzc3ZmE3YTE3NzY1NDc0NjAwOTY0ZDUzZTljNDZiODqAAn1xAVUEVXNlcnECY2NvcHlfcmVnCl9yZWNvbnN0cnVjdG9yCnEDY0luZGlhRGVucy5tb2RlbHMKRW1wbG95ZWVzCnEEY19fYnVpbHRpbl9fCm9iamVjdApxBU6HUnEGfXEHKFUHZW1haWxpZHEIWBIAAAB2ZW51QGluZGlhZGVucy5jb21VBGNpdHlxCVgJAAAASHlkZXJhYmFkVRBidXNpbmVzc2NhdGVnb3J5cQpOVQplbXBsb3llZWlkcQuKAQJVCWZpcnN0bmFtZXEMWAkAAAB2ZW51Z29wYWxVCGJyYW5jaGlkcQ1OVQhsYXN0bmFtZXEOWAkAAAB2b3JhZ2FudGlVBXRpdGxlcQ9YAAAAAFUGX3N0YXRlcRBjZGphbmdvLmRiLm1vZGVscy5iYXNlCk1vZGVsU3RhdGUKcREpgXESfXETKFUGYWRkaW5ncRSJVQJkYnEVVQdkZWZhdWx0cRZ1YlULZGVzaWduYXRpb25xF1gAAAAAVQljb250YWN0bm9xGFgKAAAAODg4NTY2MjIyM1ULY29uZmlybWNvZGVxGVgAAAAAVQRyb2xlcRpYAQAAAFNVCGlzYWN0aXZlcRtVAQBVB3N0YXRlaWRxHEsCVQdhZGRyZXNzcR1YDAAAAFByYWthc2huYWdhclUMYnVzaW5lc3NpbmZvcR5YAAAAAFUHY291bnRyeXEfTlUIbG9naW5wd2RxIFgHAAAAd2VsY29tZVUFcGhvdG9xIVgjAAAAc3RhdGljL0xpc3RpbmdJbWFnZXMvRW1wbG95ZWUtMi5qcGd1YnMu','2013-09-18 12:23:03'),('99t079jd2860q19lssa1fp76vq3fnvma','ZjJlZDg5MmUzYzc3ZmE3YTE3NzY1NDc0NjAwOTY0ZDUzZTljNDZiODqAAn1xAVUEVXNlcnECY2NvcHlfcmVnCl9yZWNvbnN0cnVjdG9yCnEDY0luZGlhRGVucy5tb2RlbHMKRW1wbG95ZWVzCnEEY19fYnVpbHRpbl9fCm9iamVjdApxBU6HUnEGfXEHKFUHZW1haWxpZHEIWBIAAAB2ZW51QGluZGlhZGVucy5jb21VBGNpdHlxCVgJAAAASHlkZXJhYmFkVRBidXNpbmVzc2NhdGVnb3J5cQpOVQplbXBsb3llZWlkcQuKAQJVCWZpcnN0bmFtZXEMWAkAAAB2ZW51Z29wYWxVCGJyYW5jaGlkcQ1OVQhsYXN0bmFtZXEOWAkAAAB2b3JhZ2FudGlVBXRpdGxlcQ9YAAAAAFUGX3N0YXRlcRBjZGphbmdvLmRiLm1vZGVscy5iYXNlCk1vZGVsU3RhdGUKcREpgXESfXETKFUGYWRkaW5ncRSJVQJkYnEVVQdkZWZhdWx0cRZ1YlULZGVzaWduYXRpb25xF1gAAAAAVQljb250YWN0bm9xGFgKAAAAODg4NTY2MjIyM1ULY29uZmlybWNvZGVxGVgAAAAAVQRyb2xlcRpYAQAAAFNVCGlzYWN0aXZlcRtVAQBVB3N0YXRlaWRxHEsCVQdhZGRyZXNzcR1YDAAAAFByYWthc2huYWdhclUMYnVzaW5lc3NpbmZvcR5YAAAAAFUHY291bnRyeXEfTlUIbG9naW5wd2RxIFgHAAAAd2VsY29tZVUFcGhvdG9xIVgjAAAAc3RhdGljL0xpc3RpbmdJbWFnZXMvRW1wbG95ZWUtMi5qcGd1YnMu','2013-09-18 07:51:22'),('9t2nlugeto4ffyzb0ecqefd6kfz1gtlp','YjgyZmI1MGJlY2I3ZDFmYTQ3OGE5YjAyY2Q3OTBlMTk3ZGE5OGIyMjqAAn1xAVUIQ3VzdG9tZXJjY29weV9yZWcKX3JlY29uc3RydWN0b3IKcQJjSW5kaWFEZW5zLm1vZGVscwpDdXN0b21lcnMKcQNjX19idWlsdGluX18Kb2JqZWN0CnEETodScQV9cQYoVQdwcm9maWxlcQdYAAAAAFUIc3VidGl0bGVxCFgAAAAAVQhwYXJlbnRpZHEJTlUGX3N0YXRlcQpjZGphbmdvLmRiLm1vZGVscy5iYXNlCk1vZGVsU3RhdGUKcQspgXEMfXENKFUGYWRkaW5ncQ6JVQJkYnEPVQdkZWZhdWx0dWJVCGtleXdvcmRzcRBYAAAAAFUEbG9nb3ERWAAAAABVCGxvZ2lucHdkcRJYBwAAAHdlbGNvbWVVCWVtYWlsY29kZXETWCEAAAAya28xaHYzNGt3d3lqdDlyNTJvZnI0eWF6aTU2bjF6aHVVBXRpdGxlcRRYAAAAAFULaXNjb25maXJtZWRxFU5VDGN1c3RvbWVydHlwZXEWSwBVC2NvbmZpcm1jb2RlcRdYAAAAAFUGY2l0eWlkcRhLGlULbG9jYXRpb25tYXBxGVgAAAAAVQVlbWFpbHEaWBMAAABhc2hva0BpbmRpYWRlbnMuY29tVQlpc2RlbGV0ZWRxG05VB3dlYnNpdGVxHFgAAAAAVQNmYXhxHVgAAAAAVQljb3VudHJ5aWRxHksBVQtkZXNjcmlwdGlvbnEfWAAAAABVCWZpcnN0bmFtZXEgWAUAAABhc2hva1UHc3RhdGVpZHEhSwFVCGxhc3RuYW1lcSJYBgAAAGRodWRsYVUQZGVhbGluZ2xvY2F0aW9uc3EjWAAAAABVBXBob25lcSRYDAAAADkxOTcwNDcxNzA5NVUHYWRkcmVzc3ElWAMAAABrbXJVCmN1c3RvbWVyaWRxJooBA1UPaXNlbWFpbHZlcmlmaWVkcSdOVQptb2JpbGVjb2RlcShYBQAAADEwOTU2VRBpc21vYmlsZXZlcmlmaWVkcSlOVQVkZWFsc3EqWAAAAABVCXVwZGF0ZWRieXErTnVicy4=','2013-09-17 07:20:43'),('9xrwji9ah9p8xlcmtut0cj6vty1l9fvb','NmU4NTZhODQ5MjU4NzYzZmU0ZDcyZDQyODY4ZmEwZmNmZmExNTJkYTqAAn1xAVUIQ3VzdG9tZXJjY29weV9yZWcKX3JlY29uc3RydWN0b3IKcQJjSW5kaWFEZW5zLm1vZGVscwpDdXN0b21lcnMKcQNjX19idWlsdGluX18Kb2JqZWN0CnEETodScQV9cQYoVQdwcm9maWxlcQdYCQAAAHBlcm1hbmVudFUIc3VidGl0bGVxCFgHAAAAc2FkZ3NhZ1UIcGFyZW50aWRxCU5VBl9zdGF0ZXEKY2RqYW5nby5kYi5tb2RlbHMuYmFzZQpNb2RlbFN0YXRlCnELKYFxDH1xDShVBmFkZGluZ3EOiVUCZGJxD1UHZGVmYXVsdHEQdWJVCGtleXdvcmRzcRFYAAAAAFUEbG9nb3ESWA4AAABDdXN0b21lci0yLmpwZ1UIbG9naW5wd2RxE1gHAAAAd2VsY29tZVUJZW1haWxjb2RlcRRYIQAAADE0ZW5venlhbWRmcTlvZ2VtZGN3dHdwcHYyZXBsYWloc1UFdGl0bGVxFVgNAAAARSBTZXZhIENlbnRlclULaXNjb25maXJtZWRxFk5VDGN1c3RvbWVydHlwZXEXSwNVC2NvbmZpcm1jb2RlcRhYAAAAAFUGY2l0eWlkcRlLA1ULbG9jYXRpb25tYXBxGlgAAAAAVQVlbWFpbHEbWBIAAAB2ZW51QGluZGlhZGVucy5jb21VCWlzZGVsZXRlZHEcTlUHd2Vic2l0ZXEdWBEAAAB3d3cuaW5kaWFkZW5zLmNvbVUDZmF4cR5YCwAAADA0MC02NTY2NTUyVQljb3VudHJ5aWRxH0sBVQtkZXNjcmlwdGlvbnEgWAMAAABibGFVCWZpcnN0bmFtZXEhWAkAAAB2ZW51Z29wYWxVB3N0YXRlaWRxIksCVQhsYXN0bmFtZXEjWAkAAAB2b3JhZ2FudGlVEGRlYWxpbmdsb2NhdGlvbnNxJFgEAAAAYmxhIFUFcGhvbmVxJVgMAAAAOTE4ODg1NjYyMjIzVQdhZGRyZXNzcSZYCAAAAEJlZ3VtcGV0VQpjdXN0b21lcmlkcSeKAQJVD2lzZW1haWx2ZXJpZmllZHEoSwFVCm1vYmlsZWNvZGVxKVgFAAAAMTAyNTJVEGlzbW9iaWxldmVyaWZpZWRxKk5VBWRlYWxzcStYAwAAAG5vb1UJdXBkYXRlZGJ5cSxOdWJzLg==','2013-09-16 13:47:37'),('aykyvgjkv3hmqvghdbwu9e69kqc6bf8a','OWVhMmJkYjQ3YzVmZWVlYjA1Y2U3MTNiNjk2Y2RlMWUxMjVhNTVmNDqAAn1xAVUIQ3VzdG9tZXJxAmNjb3B5X3JlZwpfcmVjb25zdHJ1Y3RvcgpxA2NJbmRpYURlbnMubW9kZWxzCkN1c3RvbWVycwpxBGNfX2J1aWx0aW5fXwpvYmplY3QKcQVOh1JxBn1xByhVB3Byb2ZpbGVxCFgAAAAAVQhzdWJ0aXRsZXEJWAAAAABVCHBhcmVudGlkcQpOVQZfc3RhdGVxC2NkamFuZ28uZGIubW9kZWxzLmJhc2UKTW9kZWxTdGF0ZQpxDCmBcQ19cQ4oVQZhZGRpbmdxD4lVAmRicRBVB2RlZmF1bHRxEXViVQhrZXl3b3Jkc3ESWAAAAABVBGxvZ29xE1gAAAAAVQhsb2dpbnB3ZHEUWAcAAAB3ZWxjb21lVQllbWFpbGNvZGVxFVghAAAAMmtvMWh2MzRrd3d5anQ5cjUyb2ZyNHlhemk1Nm4xemh1VQV0aXRsZXEWWAAAAABVC2lzY29uZmlybWVkcRdOVQxjdXN0b21lcnR5cGVxGEsAVQtjb25maXJtY29kZXEZWAAAAABVBmNpdHlpZHEaSxpVC2xvY2F0aW9ubWFwcRtYAAAAAFUFZW1haWxxHFgTAAAAYXNob2tAaW5kaWFkZW5zLmNvbVUJaXNkZWxldGVkcR1OVQd3ZWJzaXRlcR5YAAAAAFUDZmF4cR9YAAAAAFUJY291bnRyeWlkcSBLAVULZGVzY3JpcHRpb25xIVgAAAAAVQlmaXJzdG5hbWVxIlgFAAAAYXNob2tVB3N0YXRlaWRxI0sBVQhsYXN0bmFtZXEkWAYAAABkaHVkbGFVEGRlYWxpbmdsb2NhdGlvbnNxJVgAAAAAVQVwaG9uZXEmWAwAAAA5MTk3MDQ3MTcwOTVVB2FkZHJlc3NxJ1gDAAAAa21yVQpjdXN0b21lcmlkcSiKAQNVD2lzZW1haWx2ZXJpZmllZHEpTlUKbW9iaWxlY29kZXEqWAUAAAAxMDk1NlUQaXNtb2JpbGV2ZXJpZmllZHErTlUFZGVhbHNxLFgAAAAAVQl1cGRhdGVkYnlxLU51YnMu','2013-09-20 07:58:22'),('aysd2g9cg2ar311lw50qu9uolpcrpyyy','YjgyZmI1MGJlY2I3ZDFmYTQ3OGE5YjAyY2Q3OTBlMTk3ZGE5OGIyMjqAAn1xAVUIQ3VzdG9tZXJjY29weV9yZWcKX3JlY29uc3RydWN0b3IKcQJjSW5kaWFEZW5zLm1vZGVscwpDdXN0b21lcnMKcQNjX19idWlsdGluX18Kb2JqZWN0CnEETodScQV9cQYoVQdwcm9maWxlcQdYAAAAAFUIc3VidGl0bGVxCFgAAAAAVQhwYXJlbnRpZHEJTlUGX3N0YXRlcQpjZGphbmdvLmRiLm1vZGVscy5iYXNlCk1vZGVsU3RhdGUKcQspgXEMfXENKFUGYWRkaW5ncQ6JVQJkYnEPVQdkZWZhdWx0dWJVCGtleXdvcmRzcRBYAAAAAFUEbG9nb3ERWAAAAABVCGxvZ2lucHdkcRJYBwAAAHdlbGNvbWVVCWVtYWlsY29kZXETWCEAAAAya28xaHYzNGt3d3lqdDlyNTJvZnI0eWF6aTU2bjF6aHVVBXRpdGxlcRRYAAAAAFULaXNjb25maXJtZWRxFU5VDGN1c3RvbWVydHlwZXEWSwBVC2NvbmZpcm1jb2RlcRdYAAAAAFUGY2l0eWlkcRhLGlULbG9jYXRpb25tYXBxGVgAAAAAVQVlbWFpbHEaWBMAAABhc2hva0BpbmRpYWRlbnMuY29tVQlpc2RlbGV0ZWRxG05VB3dlYnNpdGVxHFgAAAAAVQNmYXhxHVgAAAAAVQljb3VudHJ5aWRxHksBVQtkZXNjcmlwdGlvbnEfWAAAAABVCWZpcnN0bmFtZXEgWAUAAABhc2hva1UHc3RhdGVpZHEhSwFVCGxhc3RuYW1lcSJYBgAAAGRodWRsYVUQZGVhbGluZ2xvY2F0aW9uc3EjWAAAAABVBXBob25lcSRYDAAAADkxOTcwNDcxNzA5NVUHYWRkcmVzc3ElWAMAAABrbXJVCmN1c3RvbWVyaWRxJooBA1UPaXNlbWFpbHZlcmlmaWVkcSdOVQptb2JpbGVjb2RlcShYBQAAADEwOTU2VRBpc21vYmlsZXZlcmlmaWVkcSlOVQVkZWFsc3EqWAAAAABVCXVwZGF0ZWRieXErTnVicy4=','2013-09-18 09:24:40'),('b4z24aroypna4jld12cm3d1dvb295zu5','YjgyZmI1MGJlY2I3ZDFmYTQ3OGE5YjAyY2Q3OTBlMTk3ZGE5OGIyMjqAAn1xAVUIQ3VzdG9tZXJjY29weV9yZWcKX3JlY29uc3RydWN0b3IKcQJjSW5kaWFEZW5zLm1vZGVscwpDdXN0b21lcnMKcQNjX19idWlsdGluX18Kb2JqZWN0CnEETodScQV9cQYoVQdwcm9maWxlcQdYAAAAAFUIc3VidGl0bGVxCFgAAAAAVQhwYXJlbnRpZHEJTlUGX3N0YXRlcQpjZGphbmdvLmRiLm1vZGVscy5iYXNlCk1vZGVsU3RhdGUKcQspgXEMfXENKFUGYWRkaW5ncQ6JVQJkYnEPVQdkZWZhdWx0dWJVCGtleXdvcmRzcRBYAAAAAFUEbG9nb3ERWAAAAABVCGxvZ2lucHdkcRJYBwAAAHdlbGNvbWVVCWVtYWlsY29kZXETWCEAAAAya28xaHYzNGt3d3lqdDlyNTJvZnI0eWF6aTU2bjF6aHVVBXRpdGxlcRRYAAAAAFULaXNjb25maXJtZWRxFU5VDGN1c3RvbWVydHlwZXEWSwBVC2NvbmZpcm1jb2RlcRdYAAAAAFUGY2l0eWlkcRhLGlULbG9jYXRpb25tYXBxGVgAAAAAVQVlbWFpbHEaWBMAAABhc2hva0BpbmRpYWRlbnMuY29tVQlpc2RlbGV0ZWRxG05VB3dlYnNpdGVxHFgAAAAAVQNmYXhxHVgAAAAAVQljb3VudHJ5aWRxHksBVQtkZXNjcmlwdGlvbnEfWAAAAABVCWZpcnN0bmFtZXEgWAUAAABhc2hva1UHc3RhdGVpZHEhSwFVCGxhc3RuYW1lcSJYBgAAAGRodWRsYVUQZGVhbGluZ2xvY2F0aW9uc3EjWAAAAABVBXBob25lcSRYDAAAADkxOTcwNDcxNzA5NVUHYWRkcmVzc3ElWAMAAABrbXJVCmN1c3RvbWVyaWRxJooBA1UPaXNlbWFpbHZlcmlmaWVkcSdOVQptb2JpbGVjb2RlcShYBQAAADEwOTU2VRBpc21vYmlsZXZlcmlmaWVkcSlOVQVkZWFsc3EqWAAAAABVCXVwZGF0ZWRieXErTnVicy4=','2013-09-17 14:45:27'),('bb6a99hj5fahrdy17t62wu2qs4gz6yc9','MTk2NGNjNjE3ZGM4NGQ4Yjc5ZGE3MDZmMDUxYTA0ODJjM2ZhY2VhZjqAAn1xAVUIQ3VzdG9tZXJxAmNjb3B5X3JlZwpfcmVjb25zdHJ1Y3RvcgpxA2NJbmRpYURlbnMubW9kZWxzCkN1c3RvbWVycwpxBGNfX2J1aWx0aW5fXwpvYmplY3QKcQVOh1JxBn1xByhVB3Byb2ZpbGVxCFgAAAAAVQhzdWJ0aXRsZXEJWAAAAABVCHBhcmVudGlkcQpOVQZfc3RhdGVxC2NkamFuZ28uZGIubW9kZWxzLmJhc2UKTW9kZWxTdGF0ZQpxDCmBcQ19cQ4oVQZhZGRpbmdxD4lVAmRicRBVB2RlZmF1bHRxEXViVQhrZXl3b3Jkc3ESWAAAAABVBGxvZ29xE1gAAAAAVQhsb2dpbnB3ZHEUWAYAAAA4NTk5NTRVCWVtYWlsY29kZXEVWCIAAAAzMG8zN2g2aHF3bWc3NTBzYWw5cTdjZXc5dzZ3ZWE2Y2pjVQV0aXRsZXEWWAAAAABVC2lzY29uZmlybWVkcRdOVQxjdXN0b21lcnR5cGVxGEsBVQtjb25maXJtY29kZXEZWAAAAABVBmNpdHlpZHEaSwJVC2xvY2F0aW9ubWFwcRtYAAAAAFUFZW1haWxxHFgRAAAAbWFuc2lhQGdvb2dsZS5jb21VCWlzZGVsZXRlZHEdTlUHd2Vic2l0ZXEeWAAAAABVA2ZheHEfWAAAAABVCWNvdW50cnlpZHEgTlULZGVzY3JpcHRpb25xIVgAAAAAVQlmaXJzdG5hbWVxIlgFAAAAbWFuc2lVB3N0YXRlaWRxI0sCVQhsYXN0bmFtZXEkWAEAAABBVRBkZWFsaW5nbG9jYXRpb25zcSVYAAAAAFUFcGhvbmVxJlgMAAAAOTE3NTM5NjMxMjM2VQdhZGRyZXNzcSdYAAAAAFUKY3VzdG9tZXJpZHEoigEfVQ9pc2VtYWlsdmVyaWZpZWRxKU5VCm1vYmlsZWNvZGVxKlgFAAAAMTA0MjJVEGlzbW9iaWxldmVyaWZpZWRxK05VBWRlYWxzcSxYAAAAAFUJdXBkYXRlZGJ5cS1OdWJzLg==','2013-09-19 11:00:44'),('bw16ifjffixi8jdgbopxoqstkvjtvxd3','OWVhMmJkYjQ3YzVmZWVlYjA1Y2U3MTNiNjk2Y2RlMWUxMjVhNTVmNDqAAn1xAVUIQ3VzdG9tZXJxAmNjb3B5X3JlZwpfcmVjb25zdHJ1Y3RvcgpxA2NJbmRpYURlbnMubW9kZWxzCkN1c3RvbWVycwpxBGNfX2J1aWx0aW5fXwpvYmplY3QKcQVOh1JxBn1xByhVB3Byb2ZpbGVxCFgAAAAAVQhzdWJ0aXRsZXEJWAAAAABVCHBhcmVudGlkcQpOVQZfc3RhdGVxC2NkamFuZ28uZGIubW9kZWxzLmJhc2UKTW9kZWxTdGF0ZQpxDCmBcQ19cQ4oVQZhZGRpbmdxD4lVAmRicRBVB2RlZmF1bHRxEXViVQhrZXl3b3Jkc3ESWAAAAABVBGxvZ29xE1gAAAAAVQhsb2dpbnB3ZHEUWAcAAAB3ZWxjb21lVQllbWFpbGNvZGVxFVghAAAAMmtvMWh2MzRrd3d5anQ5cjUyb2ZyNHlhemk1Nm4xemh1VQV0aXRsZXEWWAAAAABVC2lzY29uZmlybWVkcRdOVQxjdXN0b21lcnR5cGVxGEsAVQtjb25maXJtY29kZXEZWAAAAABVBmNpdHlpZHEaSxpVC2xvY2F0aW9ubWFwcRtYAAAAAFUFZW1haWxxHFgTAAAAYXNob2tAaW5kaWFkZW5zLmNvbVUJaXNkZWxldGVkcR1OVQd3ZWJzaXRlcR5YAAAAAFUDZmF4cR9YAAAAAFUJY291bnRyeWlkcSBLAVULZGVzY3JpcHRpb25xIVgAAAAAVQlmaXJzdG5hbWVxIlgFAAAAYXNob2tVB3N0YXRlaWRxI0sBVQhsYXN0bmFtZXEkWAYAAABkaHVkbGFVEGRlYWxpbmdsb2NhdGlvbnNxJVgAAAAAVQVwaG9uZXEmWAwAAAA5MTk3MDQ3MTcwOTVVB2FkZHJlc3NxJ1gDAAAAa21yVQpjdXN0b21lcmlkcSiKAQNVD2lzZW1haWx2ZXJpZmllZHEpTlUKbW9iaWxlY29kZXEqWAUAAAAxMDk1NlUQaXNtb2JpbGV2ZXJpZmllZHErTlUFZGVhbHNxLFgAAAAAVQl1cGRhdGVkYnlxLU51YnMu','2013-09-18 07:56:13'),('c60hl8226zeh4hzf7zo6c7mlf330flfg','M2NhMmQzY2ViYzIzMTk4NDgwY2NjNjhiZGYxYmRhMzQ2OWVhYmUzMzqAAn1xAVUIQ3VzdG9tZXJxAmNjb3B5X3JlZwpfcmVjb25zdHJ1Y3RvcgpxA2NJbmRpYURlbnMubW9kZWxzCkN1c3RvbWVycwpxBGNfX2J1aWx0aW5fXwpvYmplY3QKcQVOh1JxBn1xByhVB3Byb2ZpbGVxCFgAAAAAVQhzdWJ0aXRsZXEJWAAAAABVCHBhcmVudGlkcQpOVQZfc3RhdGVxC2NkamFuZ28uZGIubW9kZWxzLmJhc2UKTW9kZWxTdGF0ZQpxDCmBcQ19cQ4oVQZhZGRpbmdxD4lVAmRicRBVB2RlZmF1bHRxEXViVQhrZXl3b3Jkc3ESWAAAAABVBGxvZ29xE1gAAAAAVQhsb2dpbnB3ZHEUWAYAAAA4NjQ3OTNVCWVtYWlsY29kZXEVWCIAAAAxOGpsNnhteDF6ZWR5azMyazVpcnUwMWRwYjljdW15ODBxVQV0aXRsZXEWWAAAAABVC2lzY29uZmlybWVkcRdOVQxjdXN0b21lcnR5cGVxGEsCVQtjb25maXJtY29kZXEZWAAAAABVBmNpdHlpZHEaS0RVC2xvY2F0aW9ubWFwcRtYAAAAAFUFZW1haWxxHFgUAAAAbXVydGh5QGluZGlhZGVucy5jb21VCWlzZGVsZXRlZHEdTlUHd2Vic2l0ZXEeWAAAAABVA2ZheHEfWAAAAABVCWNvdW50cnlpZHEgTlULZGVzY3JpcHRpb25xIVgAAAAAVQlmaXJzdG5hbWVxIlgGAAAATXVydGh5VQdzdGF0ZWlkcSNLClUIbGFzdG5hbWVxJFgLAAAAUHlkaWtvbmRhbGFVEGRlYWxpbmdsb2NhdGlvbnNxJVgAAAAAVQVwaG9uZXEmWAwAAAA5MTgwOTY4MDYwODlVB2FkZHJlc3NxJ1gAAAAAVQpjdXN0b21lcmlkcSiKARRVD2lzZW1haWx2ZXJpZmllZHEpTlUKbW9iaWxlY29kZXEqWAUAAAAxMDk5OVUQaXNtb2JpbGV2ZXJpZmllZHErTlUFZGVhbHNxLFgAAAAAVQl1cGRhdGVkYnlxLU51YnMu','2013-09-17 06:57:13'),('ca5ms0vh9bd82gucl4r5ujjnyp9ti5e7','ZThhMjJkNjE3NjI4NzhjODRkNGQ5MjRlNGJjNjU5NTBhOTU3OTk4YzqAAn1xAVUIQ3VzdG9tZXJxAmNjb3B5X3JlZwpfcmVjb25zdHJ1Y3RvcgpxA2NJbmRpYURlbnMubW9kZWxzCkN1c3RvbWVycwpxBGNfX2J1aWx0aW5fXwpvYmplY3QKcQVOh1JxBn1xByhVB3Byb2ZpbGVxCFgAAAAAVQhzdWJ0aXRsZXEJWAAAAABVCHBhcmVudGlkcQpOVQZfc3RhdGVxC2NkamFuZ28uZGIubW9kZWxzLmJhc2UKTW9kZWxTdGF0ZQpxDCmBcQ19cQ4oVQZhZGRpbmdxD4lVAmRicRBVB2RlZmF1bHRxEXViVQhrZXl3b3Jkc3ESWAAAAABVBGxvZ29xE1gAAAAAVQhsb2dpbnB3ZHEUWAYAAAAzMTUwNjVVCWVtYWlsY29kZXEVWCIAAAAxMnl5b2w1cGszeG9zbDV0djJxYW9obWtscjdweW5oOXRhVQV0aXRsZXEWWAAAAABVC2lzY29uZmlybWVkcRdOVQxjdXN0b21lcnR5cGVxGE5VC2NvbmZpcm1jb2RlcRlYAAAAAFUGY2l0eWlkcRpLA1ULbG9jYXRpb25tYXBxG1gAAAAAVQVlbWFpbHEcWBQAAABtdXJ0aHlAaW5kaWFkZW5zLmNvbVUJaXNkZWxldGVkcR1OVQd3ZWJzaXRlcR5YAAAAAFUDZmF4cR9YAAAAAFUJY291bnRyeWlkcSBOVQtkZXNjcmlwdGlvbnEhWAAAAABVCWZpcnN0bmFtZXEiWAAAAABVB3N0YXRlaWRxI0sBVQhsYXN0bmFtZXEkWAsAAABQeWRpa29uZGFsYVUQZGVhbGluZ2xvY2F0aW9uc3ElWAAAAABVBXBob25lcSZYDAAAADkxODA5NjgwNjA4OVUHYWRkcmVzc3EnWAAAAABVCmN1c3RvbWVyaWRxKIoBDlUPaXNlbWFpbHZlcmlmaWVkcSlOVQptb2JpbGVjb2RlcSpYBQAAADEwMTQzVRBpc21vYmlsZXZlcmlmaWVkcStOVQVkZWFsc3EsWAAAAABVCXVwZGF0ZWRieXEtTnVicy4=','2013-09-16 11:35:24'),('ccldsp0ygakns5uvgqk3yjrsymayus2r','OWVhMmJkYjQ3YzVmZWVlYjA1Y2U3MTNiNjk2Y2RlMWUxMjVhNTVmNDqAAn1xAVUIQ3VzdG9tZXJxAmNjb3B5X3JlZwpfcmVjb25zdHJ1Y3RvcgpxA2NJbmRpYURlbnMubW9kZWxzCkN1c3RvbWVycwpxBGNfX2J1aWx0aW5fXwpvYmplY3QKcQVOh1JxBn1xByhVB3Byb2ZpbGVxCFgAAAAAVQhzdWJ0aXRsZXEJWAAAAABVCHBhcmVudGlkcQpOVQZfc3RhdGVxC2NkamFuZ28uZGIubW9kZWxzLmJhc2UKTW9kZWxTdGF0ZQpxDCmBcQ19cQ4oVQZhZGRpbmdxD4lVAmRicRBVB2RlZmF1bHRxEXViVQhrZXl3b3Jkc3ESWAAAAABVBGxvZ29xE1gAAAAAVQhsb2dpbnB3ZHEUWAcAAAB3ZWxjb21lVQllbWFpbGNvZGVxFVghAAAAMmtvMWh2MzRrd3d5anQ5cjUyb2ZyNHlhemk1Nm4xemh1VQV0aXRsZXEWWAAAAABVC2lzY29uZmlybWVkcRdOVQxjdXN0b21lcnR5cGVxGEsAVQtjb25maXJtY29kZXEZWAAAAABVBmNpdHlpZHEaSxpVC2xvY2F0aW9ubWFwcRtYAAAAAFUFZW1haWxxHFgTAAAAYXNob2tAaW5kaWFkZW5zLmNvbVUJaXNkZWxldGVkcR1OVQd3ZWJzaXRlcR5YAAAAAFUDZmF4cR9YAAAAAFUJY291bnRyeWlkcSBLAVULZGVzY3JpcHRpb25xIVgAAAAAVQlmaXJzdG5hbWVxIlgFAAAAYXNob2tVB3N0YXRlaWRxI0sBVQhsYXN0bmFtZXEkWAYAAABkaHVkbGFVEGRlYWxpbmdsb2NhdGlvbnNxJVgAAAAAVQVwaG9uZXEmWAwAAAA5MTk3MDQ3MTcwOTVVB2FkZHJlc3NxJ1gDAAAAa21yVQpjdXN0b21lcmlkcSiKAQNVD2lzZW1haWx2ZXJpZmllZHEpTlUKbW9iaWxlY29kZXEqWAUAAAAxMDk1NlUQaXNtb2JpbGV2ZXJpZmllZHErTlUFZGVhbHNxLFgAAAAAVQl1cGRhdGVkYnlxLU51YnMu','2013-09-18 06:47:10'),('csje7uertrooit6bwcckinogq2txlt0v','ZjJlZDg5MmUzYzc3ZmE3YTE3NzY1NDc0NjAwOTY0ZDUzZTljNDZiODqAAn1xAVUEVXNlcnECY2NvcHlfcmVnCl9yZWNvbnN0cnVjdG9yCnEDY0luZGlhRGVucy5tb2RlbHMKRW1wbG95ZWVzCnEEY19fYnVpbHRpbl9fCm9iamVjdApxBU6HUnEGfXEHKFUHZW1haWxpZHEIWBIAAAB2ZW51QGluZGlhZGVucy5jb21VBGNpdHlxCVgJAAAASHlkZXJhYmFkVRBidXNpbmVzc2NhdGVnb3J5cQpOVQplbXBsb3llZWlkcQuKAQJVCWZpcnN0bmFtZXEMWAkAAAB2ZW51Z29wYWxVCGJyYW5jaGlkcQ1OVQhsYXN0bmFtZXEOWAkAAAB2b3JhZ2FudGlVBXRpdGxlcQ9YAAAAAFUGX3N0YXRlcRBjZGphbmdvLmRiLm1vZGVscy5iYXNlCk1vZGVsU3RhdGUKcREpgXESfXETKFUGYWRkaW5ncRSJVQJkYnEVVQdkZWZhdWx0cRZ1YlULZGVzaWduYXRpb25xF1gAAAAAVQljb250YWN0bm9xGFgKAAAAODg4NTY2MjIyM1ULY29uZmlybWNvZGVxGVgAAAAAVQRyb2xlcRpYAQAAAFNVCGlzYWN0aXZlcRtVAQBVB3N0YXRlaWRxHEsCVQdhZGRyZXNzcR1YDAAAAFByYWthc2huYWdhclUMYnVzaW5lc3NpbmZvcR5YAAAAAFUHY291bnRyeXEfTlUIbG9naW5wd2RxIFgHAAAAd2VsY29tZVUFcGhvdG9xIVgjAAAAc3RhdGljL0xpc3RpbmdJbWFnZXMvRW1wbG95ZWUtMi5qcGd1YnMu','2013-09-18 13:51:17'),('cylho6hmvwny0ut2ljixtyrualdfumit','Y2IxOTcwZTAwYzNlNGVjYzhmMGMyNjg2ODhkYzI4ZWQzYzc3YTU3YjqAAn1xAVUIcHJvcHR5cGVLAXMu','2013-09-18 05:10:19'),('d6qqkg22nu4eda5rs0p1p50162aq04ib','MjY4ZTljZDU5Y2M1NzYxMTc4MTE5NzNlZjRkODQyMzRhZjZjOTFkMDqAAn1xAVUIcHJvcHR5cGVxAksBcy4=','2013-09-06 12:30:12'),('dfziuj5okv35v5aoun0gq8ixc4i59lms','MGQ3ZDhkYjJhNDIyMTQwNDZmZTRlOTA3ZDYyZWYzYTVhMGVjZDU3YTqAAn1xAS4=','2013-09-17 15:58:46'),('dwtz1yfvhpia072sc6akt15bvku8xzau','MGQ3ZDhkYjJhNDIyMTQwNDZmZTRlOTA3ZDYyZWYzYTVhMGVjZDU3YTqAAn1xAS4=','2013-09-20 09:27:28'),('e48cr5yzgyf0l0k84cj6rds82frpvtax','YWFkOWE2YmU4ZDBlZWQ2MmFhZGMxNDY1ZmQyMTc4ZDc0Mzc3NjFkNjqAAn1xAVUIQ3VzdG9tZXJxAmNjb3B5X3JlZwpfcmVjb25zdHJ1Y3RvcgpxA2NJbmRpYURlbnMubW9kZWxzCkN1c3RvbWVycwpxBGNfX2J1aWx0aW5fXwpvYmplY3QKcQVOh1JxBn1xByhVB3Byb2ZpbGVxCFgAAAAAVQhzdWJ0aXRsZXEJWAAAAABVCHBhcmVudGlkcQpOVQZfc3RhdGVxC2NkamFuZ28uZGIubW9kZWxzLmJhc2UKTW9kZWxTdGF0ZQpxDCmBcQ19cQ4oVQZhZGRpbmdxD4lVAmRicRBVB2RlZmF1bHRxEXViVQhrZXl3b3Jkc3ESWAAAAABVBGxvZ29xE1gAAAAAVQhsb2dpbnB3ZHEUWAYAAAAxOTA4MjBVCWVtYWlsY29kZXEVWCIAAAAyN3oxeGU3dXd4MWt0aGpjNXQ2bGpha2ZpdmF4anpuYzU3VQV0aXRsZXEWWAAAAABVC2lzY29uZmlybWVkcRdOVQxjdXN0b21lcnR5cGVxGEsCVQtjb25maXJtY29kZXEZWAAAAABVBmNpdHlpZHEaSwNVC2xvY2F0aW9ubWFwcRtYAAAAAFUFZW1haWxxHFgVAAAAbXVydGh5QGV4cGVydHNkZW4uY29tVQlpc2RlbGV0ZWRxHU5VB3dlYnNpdGVxHlgAAAAAVQNmYXhxH1gAAAAAVQljb3VudHJ5aWRxIEsBVQtkZXNjcmlwdGlvbnEhWAAAAABVCWZpcnN0bmFtZXEiWAYAAABNdXJ0aHlVB3N0YXRlaWRxI0sCVQhsYXN0bmFtZXEkWAsAAABQeWRpa29uZGFsYVUQZGVhbGluZ2xvY2F0aW9uc3ElWAAAAABVBXBob25lcSZYDAAAADkxODA5NjgwNjA4OVUHYWRkcmVzc3EnWAIAAABERFUKY3VzdG9tZXJpZHEoigEcVQ9pc2VtYWlsdmVyaWZpZWRxKU5VCm1vYmlsZWNvZGVxKlgFAAAAMTAyNjRVEGlzbW9iaWxldmVyaWZpZWRxK05VBWRlYWxzcSxYAAAAAFUJdXBkYXRlZGJ5cS1OdWJzLg==','2013-09-17 14:10:05'),('e7guub58kahfggp1vvff2z3xzp071we0','OWVhMmJkYjQ3YzVmZWVlYjA1Y2U3MTNiNjk2Y2RlMWUxMjVhNTVmNDqAAn1xAVUIQ3VzdG9tZXJxAmNjb3B5X3JlZwpfcmVjb25zdHJ1Y3RvcgpxA2NJbmRpYURlbnMubW9kZWxzCkN1c3RvbWVycwpxBGNfX2J1aWx0aW5fXwpvYmplY3QKcQVOh1JxBn1xByhVB3Byb2ZpbGVxCFgAAAAAVQhzdWJ0aXRsZXEJWAAAAABVCHBhcmVudGlkcQpOVQZfc3RhdGVxC2NkamFuZ28uZGIubW9kZWxzLmJhc2UKTW9kZWxTdGF0ZQpxDCmBcQ19cQ4oVQZhZGRpbmdxD4lVAmRicRBVB2RlZmF1bHRxEXViVQhrZXl3b3Jkc3ESWAAAAABVBGxvZ29xE1gAAAAAVQhsb2dpbnB3ZHEUWAcAAAB3ZWxjb21lVQllbWFpbGNvZGVxFVghAAAAMmtvMWh2MzRrd3d5anQ5cjUyb2ZyNHlhemk1Nm4xemh1VQV0aXRsZXEWWAAAAABVC2lzY29uZmlybWVkcRdOVQxjdXN0b21lcnR5cGVxGEsAVQtjb25maXJtY29kZXEZWAAAAABVBmNpdHlpZHEaSxpVC2xvY2F0aW9ubWFwcRtYAAAAAFUFZW1haWxxHFgTAAAAYXNob2tAaW5kaWFkZW5zLmNvbVUJaXNkZWxldGVkcR1OVQd3ZWJzaXRlcR5YAAAAAFUDZmF4cR9YAAAAAFUJY291bnRyeWlkcSBLAVULZGVzY3JpcHRpb25xIVgAAAAAVQlmaXJzdG5hbWVxIlgFAAAAYXNob2tVB3N0YXRlaWRxI0sBVQhsYXN0bmFtZXEkWAYAAABkaHVkbGFVEGRlYWxpbmdsb2NhdGlvbnNxJVgAAAAAVQVwaG9uZXEmWAwAAAA5MTk3MDQ3MTcwOTVVB2FkZHJlc3NxJ1gDAAAAa21yVQpjdXN0b21lcmlkcSiKAQNVD2lzZW1haWx2ZXJpZmllZHEpTlUKbW9iaWxlY29kZXEqWAUAAAAxMDk1NlUQaXNtb2JpbGV2ZXJpZmllZHErTlUFZGVhbHNxLFgAAAAAVQl1cGRhdGVkYnlxLU51YnMu','2013-09-18 12:15:56'),('epyjb625qzrk7ocjofjc8k8fzgu1qn54','OWVhMmJkYjQ3YzVmZWVlYjA1Y2U3MTNiNjk2Y2RlMWUxMjVhNTVmNDqAAn1xAVUIQ3VzdG9tZXJxAmNjb3B5X3JlZwpfcmVjb25zdHJ1Y3RvcgpxA2NJbmRpYURlbnMubW9kZWxzCkN1c3RvbWVycwpxBGNfX2J1aWx0aW5fXwpvYmplY3QKcQVOh1JxBn1xByhVB3Byb2ZpbGVxCFgAAAAAVQhzdWJ0aXRsZXEJWAAAAABVCHBhcmVudGlkcQpOVQZfc3RhdGVxC2NkamFuZ28uZGIubW9kZWxzLmJhc2UKTW9kZWxTdGF0ZQpxDCmBcQ19cQ4oVQZhZGRpbmdxD4lVAmRicRBVB2RlZmF1bHRxEXViVQhrZXl3b3Jkc3ESWAAAAABVBGxvZ29xE1gAAAAAVQhsb2dpbnB3ZHEUWAcAAAB3ZWxjb21lVQllbWFpbGNvZGVxFVghAAAAMmtvMWh2MzRrd3d5anQ5cjUyb2ZyNHlhemk1Nm4xemh1VQV0aXRsZXEWWAAAAABVC2lzY29uZmlybWVkcRdOVQxjdXN0b21lcnR5cGVxGEsAVQtjb25maXJtY29kZXEZWAAAAABVBmNpdHlpZHEaSxpVC2xvY2F0aW9ubWFwcRtYAAAAAFUFZW1haWxxHFgTAAAAYXNob2tAaW5kaWFkZW5zLmNvbVUJaXNkZWxldGVkcR1OVQd3ZWJzaXRlcR5YAAAAAFUDZmF4cR9YAAAAAFUJY291bnRyeWlkcSBLAVULZGVzY3JpcHRpb25xIVgAAAAAVQlmaXJzdG5hbWVxIlgFAAAAYXNob2tVB3N0YXRlaWRxI0sBVQhsYXN0bmFtZXEkWAYAAABkaHVkbGFVEGRlYWxpbmdsb2NhdGlvbnNxJVgAAAAAVQVwaG9uZXEmWAwAAAA5MTk3MDQ3MTcwOTVVB2FkZHJlc3NxJ1gDAAAAa21yVQpjdXN0b21lcmlkcSiKAQNVD2lzZW1haWx2ZXJpZmllZHEpTlUKbW9iaWxlY29kZXEqWAUAAAAxMDk1NlUQaXNtb2JpbGV2ZXJpZmllZHErTlUFZGVhbHNxLFgAAAAAVQl1cGRhdGVkYnlxLU51YnMu','2013-09-20 13:20:12'),('f14rt684omfjkjmq4f6vg2usc276vdjn','MjY4ZTljZDU5Y2M1NzYxMTc4MTE5NzNlZjRkODQyMzRhZjZjOTFkMDqAAn1xAVUIcHJvcHR5cGVxAksBcy4=','2013-09-17 14:44:28'),('f5pobnjb4gqy31901gmlbwg5bgmjezlc','OTYzYmEyNzViNzMyMzA2MWU5MjZlNzVjNTA0MTA5YWVlNzA3YzU2YTqAAn1xAShVCEN1c3RvbWVycQJjY29weV9yZWcKX3JlY29uc3RydWN0b3IKcQNjSW5kaWFEZW5zLm1vZGVscwpDdXN0b21lcnMKcQRjX19idWlsdGluX18Kb2JqZWN0CnEFTodScQZ9cQcoVQdwcm9maWxlcQhYAAAAAFUIc3VidGl0bGVxCVgAAAAAVQhwYXJlbnRpZHEKTlUGX3N0YXRlcQtjZGphbmdvLmRiLm1vZGVscy5iYXNlCk1vZGVsU3RhdGUKcQwpgXENfXEOKFUGYWRkaW5ncQ+JVQJkYnEQVQdkZWZhdWx0cRF1YlUIa2V5d29yZHNxElgAAAAAVQRsb2dvcRNYDgAAAEN1c3RvbWVyLTUuanBnVQhsb2dpbnB3ZHEUWAYAAAAzODcxNDNVCWVtYWlsY29kZXEVWCEAAAA0aXVxdnRzczZ1cDZtd3hoNnhodjcwZ2xqNXc5b2hnenFVBXRpdGxlcRZYAAAAAFULaXNjb25maXJtZWRxF05VDGN1c3RvbWVydHlwZXEYSwJVC2NvbmZpcm1jb2RlcRlYAAAAAFUGY2l0eWlkcRpLA1ULbG9jYXRpb25tYXBxG1gAAAAAVQVlbWFpbHEcWBoAAABhcmF2aW5kLmdhamVsbGlnQGdtYWlsLmNvbVUJaXNkZWxldGVkcR1OVQd3ZWJzaXRlcR5YAAAAAFUDZmF4cR9YAAAAAFUJY291bnRyeWlkcSBOVQtkZXNjcmlwdGlvbnEhWAAAAABVCWZpcnN0bmFtZXEiWAcAAABBcmF2aW5kVQdzdGF0ZWlkcSNLAVUIbGFzdG5hbWVxJFgHAAAAR2FqZWxsaVUQZGVhbGluZ2xvY2F0aW9uc3ElWAAAAABVBXBob25lcSZYDAAAADkxODA5OTg0NTUwN1UHYWRkcmVzc3EnWAAAAABVCmN1c3RvbWVyaWRxKIoBBVUPaXNlbWFpbHZlcmlmaWVkcSlOVQptb2JpbGVjb2RlcSpYBQAAADEwMTc2VRBpc21vYmlsZXZlcmlmaWVkcStOVQVkZWFsc3EsWAAAAABVCXVwZGF0ZWRieXEtTnViVQtjb25maXJtY29kZVUEOTAzOXUu','2013-09-18 12:21:12'),('fkqgtderhj340cstjra5yzy9ewwl2136','MjY4ZTljZDU5Y2M1NzYxMTc4MTE5NzNlZjRkODQyMzRhZjZjOTFkMDqAAn1xAVUIcHJvcHR5cGVxAksBcy4=','2013-09-18 12:02:13'),('fzqqevp2jkcl1phqnr2t2jcy8ltiucmg','Y2IxOTcwZTAwYzNlNGVjYzhmMGMyNjg2ODhkYzI4ZWQzYzc3YTU3YjqAAn1xAVUIcHJvcHR5cGVLAXMu','2013-09-18 07:17:39'),('g1ao563g6oknrhelrmn069jr1dxerr24','ZjJlZDg5MmUzYzc3ZmE3YTE3NzY1NDc0NjAwOTY0ZDUzZTljNDZiODqAAn1xAVUEVXNlcnECY2NvcHlfcmVnCl9yZWNvbnN0cnVjdG9yCnEDY0luZGlhRGVucy5tb2RlbHMKRW1wbG95ZWVzCnEEY19fYnVpbHRpbl9fCm9iamVjdApxBU6HUnEGfXEHKFUHZW1haWxpZHEIWBIAAAB2ZW51QGluZGlhZGVucy5jb21VBGNpdHlxCVgJAAAASHlkZXJhYmFkVRBidXNpbmVzc2NhdGVnb3J5cQpOVQplbXBsb3llZWlkcQuKAQJVCWZpcnN0bmFtZXEMWAkAAAB2ZW51Z29wYWxVCGJyYW5jaGlkcQ1OVQhsYXN0bmFtZXEOWAkAAAB2b3JhZ2FudGlVBXRpdGxlcQ9YAAAAAFUGX3N0YXRlcRBjZGphbmdvLmRiLm1vZGVscy5iYXNlCk1vZGVsU3RhdGUKcREpgXESfXETKFUGYWRkaW5ncRSJVQJkYnEVVQdkZWZhdWx0cRZ1YlULZGVzaWduYXRpb25xF1gAAAAAVQljb250YWN0bm9xGFgKAAAAODg4NTY2MjIyM1ULY29uZmlybWNvZGVxGVgAAAAAVQRyb2xlcRpYAQAAAFNVCGlzYWN0aXZlcRtVAQBVB3N0YXRlaWRxHEsCVQdhZGRyZXNzcR1YDAAAAFByYWthc2huYWdhclUMYnVzaW5lc3NpbmZvcR5YAAAAAFUHY291bnRyeXEfTlUIbG9naW5wd2RxIFgHAAAAd2VsY29tZVUFcGhvdG9xIVgjAAAAc3RhdGljL0xpc3RpbmdJbWFnZXMvRW1wbG95ZWUtMi5qcGd1YnMu','2013-09-18 12:02:15'),('g2ljeak4464uct7eigibknq9p4lalmel','M2YwNGI2Njc1NjNkMWU3MDU2ZmI5MzEwNTZiZDU0NGU4OWVjMTYxYTqAAn1xAShVCEN1c3RvbWVyY2NvcHlfcmVnCl9yZWNvbnN0cnVjdG9yCnECY0luZGlhRGVucy5tb2RlbHMKQ3VzdG9tZXJzCnEDY19fYnVpbHRpbl9fCm9iamVjdApxBE6HUnEFfXEGKFUHcHJvZmlsZXEHWAAAAABVCHN1YnRpdGxlcQhYAAAAAFUIcGFyZW50aWRxCU5VBl9zdGF0ZXEKY2RqYW5nby5kYi5tb2RlbHMuYmFzZQpNb2RlbFN0YXRlCnELKYFxDH1xDShVBmFkZGluZ3EOiVUCZGJxD1UHZGVmYXVsdHViVQhrZXl3b3Jkc3EQWAAAAABVBGxvZ29xEVgAAAAAVQhsb2dpbnB3ZHESWAcAAAB3ZWxjb21lVQllbWFpbGNvZGVxE1ghAAAAMmtvMWh2MzRrd3d5anQ5cjUyb2ZyNHlhemk1Nm4xemh1VQV0aXRsZXEUWAAAAABVC2lzY29uZmlybWVkcRVOVQxjdXN0b21lcnR5cGVxFksAVQtjb25maXJtY29kZXEXWAAAAABVBmNpdHlpZHEYSxpVC2xvY2F0aW9ubWFwcRlYAAAAAFUFZW1haWxxGlgTAAAAYXNob2tAaW5kaWFkZW5zLmNvbVUJaXNkZWxldGVkcRtOVQd3ZWJzaXRlcRxYAAAAAFUDZmF4cR1YAAAAAFUJY291bnRyeWlkcR5LAVULZGVzY3JpcHRpb25xH1gAAAAAVQlmaXJzdG5hbWVxIFgFAAAAYXNob2tVB3N0YXRlaWRxIUsBVQhsYXN0bmFtZXEiWAYAAABkaHVkbGFVEGRlYWxpbmdsb2NhdGlvbnNxI1gAAAAAVQVwaG9uZXEkWAwAAAA5MTk3MDQ3MTcwOTVVB2FkZHJlc3NxJVgDAAAAa21yVQpjdXN0b21lcmlkcSaKAQNVD2lzZW1haWx2ZXJpZmllZHEnTlUKbW9iaWxlY29kZXEoWAUAAAAxMDk1NlUQaXNtb2JpbGV2ZXJpZmllZHEpTlUFZGVhbHNxKlgAAAAAVQl1cGRhdGVkYnlxK051YmgXVQQ1MDU3dS4=','2013-09-06 11:28:47'),('gcdv2jp3lltojq5fnabbpn6g7e24uql1','NzgyZjc5YzRjODgwNGE4MDA1YTc3ZDBjNWJhYTVjMGVlODI5NTVmZjqAAn1xAVULY29uZmlybWNvZGVVBDE5NzJzLg==','2013-09-17 15:42:23'),('gen3ncewg7umdfpeakntmlf2f4nfj6et','MGQ3ZDhkYjJhNDIyMTQwNDZmZTRlOTA3ZDYyZWYzYTVhMGVjZDU3YTqAAn1xAS4=','2013-09-21 15:41:28'),('giez63jyrwj3c0yvusubfp26b3cz4ejp','ZjJlZDg5MmUzYzc3ZmE3YTE3NzY1NDc0NjAwOTY0ZDUzZTljNDZiODqAAn1xAVUEVXNlcnECY2NvcHlfcmVnCl9yZWNvbnN0cnVjdG9yCnEDY0luZGlhRGVucy5tb2RlbHMKRW1wbG95ZWVzCnEEY19fYnVpbHRpbl9fCm9iamVjdApxBU6HUnEGfXEHKFUHZW1haWxpZHEIWBIAAAB2ZW51QGluZGlhZGVucy5jb21VBGNpdHlxCVgJAAAASHlkZXJhYmFkVRBidXNpbmVzc2NhdGVnb3J5cQpOVQplbXBsb3llZWlkcQuKAQJVCWZpcnN0bmFtZXEMWAkAAAB2ZW51Z29wYWxVCGJyYW5jaGlkcQ1OVQhsYXN0bmFtZXEOWAkAAAB2b3JhZ2FudGlVBXRpdGxlcQ9YAAAAAFUGX3N0YXRlcRBjZGphbmdvLmRiLm1vZGVscy5iYXNlCk1vZGVsU3RhdGUKcREpgXESfXETKFUGYWRkaW5ncRSJVQJkYnEVVQdkZWZhdWx0cRZ1YlULZGVzaWduYXRpb25xF1gAAAAAVQljb250YWN0bm9xGFgKAAAAODg4NTY2MjIyM1ULY29uZmlybWNvZGVxGVgAAAAAVQRyb2xlcRpYAQAAAFNVCGlzYWN0aXZlcRtVAQBVB3N0YXRlaWRxHEsCVQdhZGRyZXNzcR1YDAAAAFByYWthc2huYWdhclUMYnVzaW5lc3NpbmZvcR5YAAAAAFUHY291bnRyeXEfTlUIbG9naW5wd2RxIFgHAAAAd2VsY29tZVUFcGhvdG9xIVgjAAAAc3RhdGljL0xpc3RpbmdJbWFnZXMvRW1wbG95ZWUtMi5qcGd1YnMu','2013-09-19 11:26:39'),('ha5ahx18hahnwjwmhwj2utx3xgcm6mm7','ZjJlZDg5MmUzYzc3ZmE3YTE3NzY1NDc0NjAwOTY0ZDUzZTljNDZiODqAAn1xAVUEVXNlcnECY2NvcHlfcmVnCl9yZWNvbnN0cnVjdG9yCnEDY0luZGlhRGVucy5tb2RlbHMKRW1wbG95ZWVzCnEEY19fYnVpbHRpbl9fCm9iamVjdApxBU6HUnEGfXEHKFUHZW1haWxpZHEIWBIAAAB2ZW51QGluZGlhZGVucy5jb21VBGNpdHlxCVgJAAAASHlkZXJhYmFkVRBidXNpbmVzc2NhdGVnb3J5cQpOVQplbXBsb3llZWlkcQuKAQJVCWZpcnN0bmFtZXEMWAkAAAB2ZW51Z29wYWxVCGJyYW5jaGlkcQ1OVQhsYXN0bmFtZXEOWAkAAAB2b3JhZ2FudGlVBXRpdGxlcQ9YAAAAAFUGX3N0YXRlcRBjZGphbmdvLmRiLm1vZGVscy5iYXNlCk1vZGVsU3RhdGUKcREpgXESfXETKFUGYWRkaW5ncRSJVQJkYnEVVQdkZWZhdWx0cRZ1YlULZGVzaWduYXRpb25xF1gAAAAAVQljb250YWN0bm9xGFgKAAAAODg4NTY2MjIyM1ULY29uZmlybWNvZGVxGVgAAAAAVQRyb2xlcRpYAQAAAFNVCGlzYWN0aXZlcRtVAQBVB3N0YXRlaWRxHEsCVQdhZGRyZXNzcR1YDAAAAFByYWthc2huYWdhclUMYnVzaW5lc3NpbmZvcR5YAAAAAFUHY291bnRyeXEfTlUIbG9naW5wd2RxIFgHAAAAd2VsY29tZVUFcGhvdG9xIVgjAAAAc3RhdGljL0xpc3RpbmdJbWFnZXMvRW1wbG95ZWUtMi5qcGd1YnMu','2013-09-18 11:03:26'),('hjvenaqzp72vrwzs66dxfta8q1g49h6u','YTFiODI5ZDA4OWRkYzVhMTExZTFjZjVkYzBkN2U5ZGU5ZDA5ODFkZTqAAn1xAVUEVXNlcnECY2NvcHlfcmVnCl9yZWNvbnN0cnVjdG9yCnEDY0luZGlhRGVucy5tb2RlbHMKRW1wbG95ZWVzCnEEY19fYnVpbHRpbl9fCm9iamVjdApxBU6HUnEGfXEHKFUHZW1haWxpZHEIWBMAAABhZG1pbkBpbmRpYWRlbnMuY29tVQRjaXR5cQlYCQAAAEh5ZGVyYWJhZFUQYnVzaW5lc3NjYXRlZ29yeXEKTlUKZW1wbG95ZWVpZHELigEBVQlmaXJzdG5hbWVxDFgFAAAAQWRtaW5VCGJyYW5jaGlkcQ1OVQhsYXN0bmFtZXEOWAkAAABJbmRpYWRlbnNVBXRpdGxlcQ9YAAAAAFUGX3N0YXRlcRBjZGphbmdvLmRiLm1vZGVscy5iYXNlCk1vZGVsU3RhdGUKcREpgXESfXETKFUGYWRkaW5ncRSJVQJkYnEVVQdkZWZhdWx0cRZ1YlULZGVzaWduYXRpb25xF1gAAAAAVQljb250YWN0bm9xGFgAAAAAVQtjb25maXJtY29kZXEZWAAAAABVBHJvbGVxGlgBAAAAQVUIaXNhY3RpdmVxG1UBAFUHc3RhdGVpZHEcTlUHYWRkcmVzc3EdWAoAAABNYWRpbmFndWRhVQxidXNpbmVzc2luZm9xHlgAAAAAVQdjb3VudHJ5cR9OVQhsb2dpbnB3ZHEgWAcAAAB3ZWxjb21lVQVwaG90b3EhWAAAAAB1YnMu','2013-09-17 07:39:04'),('hkbqvie94p1v79nxw50bwnzh61mzpg6u','ZjJlZDg5MmUzYzc3ZmE3YTE3NzY1NDc0NjAwOTY0ZDUzZTljNDZiODqAAn1xAVUEVXNlcnECY2NvcHlfcmVnCl9yZWNvbnN0cnVjdG9yCnEDY0luZGlhRGVucy5tb2RlbHMKRW1wbG95ZWVzCnEEY19fYnVpbHRpbl9fCm9iamVjdApxBU6HUnEGfXEHKFUHZW1haWxpZHEIWBIAAAB2ZW51QGluZGlhZGVucy5jb21VBGNpdHlxCVgJAAAASHlkZXJhYmFkVRBidXNpbmVzc2NhdGVnb3J5cQpOVQplbXBsb3llZWlkcQuKAQJVCWZpcnN0bmFtZXEMWAkAAAB2ZW51Z29wYWxVCGJyYW5jaGlkcQ1OVQhsYXN0bmFtZXEOWAkAAAB2b3JhZ2FudGlVBXRpdGxlcQ9YAAAAAFUGX3N0YXRlcRBjZGphbmdvLmRiLm1vZGVscy5iYXNlCk1vZGVsU3RhdGUKcREpgXESfXETKFUGYWRkaW5ncRSJVQJkYnEVVQdkZWZhdWx0cRZ1YlULZGVzaWduYXRpb25xF1gAAAAAVQljb250YWN0bm9xGFgKAAAAODg4NTY2MjIyM1ULY29uZmlybWNvZGVxGVgAAAAAVQRyb2xlcRpYAQAAAFNVCGlzYWN0aXZlcRtVAQBVB3N0YXRlaWRxHEsCVQdhZGRyZXNzcR1YDAAAAFByYWthc2huYWdhclUMYnVzaW5lc3NpbmZvcR5YAAAAAFUHY291bnRyeXEfTlUIbG9naW5wd2RxIFgHAAAAd2VsY29tZVUFcGhvdG9xIVgjAAAAc3RhdGljL0xpc3RpbmdJbWFnZXMvRW1wbG95ZWUtMi5qcGd1YnMu','2013-09-18 13:29:22'),('hwev6ug34snc93ghjneklx2xknv1xpfb','MDZiZGQ0MTJiYTliMmQ2OGYzNjc2NzA1MzE0N2Q1NzVlZTg0YjllYTqAAn1xAShVCEN1c3RvbWVyY2NvcHlfcmVnCl9yZWNvbnN0cnVjdG9yCnECY0luZGlhRGVucy5tb2RlbHMKQ3VzdG9tZXJzCnEDY19fYnVpbHRpbl9fCm9iamVjdApxBE6HUnEFfXEGKFUHcHJvZmlsZXEHWAAAAABVCHN1YnRpdGxlcQhYAAAAAFUIcGFyZW50aWRxCU5VBl9zdGF0ZXEKY2RqYW5nby5kYi5tb2RlbHMuYmFzZQpNb2RlbFN0YXRlCnELKYFxDH1xDShVBmFkZGluZ3EOiVUCZGJxD1UHZGVmYXVsdHViVQhrZXl3b3Jkc3EQWAAAAABVBGxvZ29xEVgAAAAAVQhsb2dpbnB3ZHESWAcAAAB3ZWxjb21lVQllbWFpbGNvZGVxE1ghAAAAMmtvMWh2MzRrd3d5anQ5cjUyb2ZyNHlhemk1Nm4xemh1VQV0aXRsZXEUWAAAAABVC2lzY29uZmlybWVkcRVOVQxjdXN0b21lcnR5cGVxFksAVQtjb25maXJtY29kZXEXWAAAAABVBmNpdHlpZHEYSxpVC2xvY2F0aW9ubWFwcRlYAAAAAFUFZW1haWxxGlgTAAAAYXNob2tAaW5kaWFkZW5zLmNvbVUJaXNkZWxldGVkcRtOVQd3ZWJzaXRlcRxYAAAAAFUDZmF4cR1YAAAAAFUJY291bnRyeWlkcR5LAVULZGVzY3JpcHRpb25xH1gAAAAAVQlmaXJzdG5hbWVxIFgFAAAAYXNob2tVB3N0YXRlaWRxIUsBVQhsYXN0bmFtZXEiWAYAAABkaHVkbGFVEGRlYWxpbmdsb2NhdGlvbnNxI1gAAAAAVQVwaG9uZXEkWAwAAAA5MTk3MDQ3MTcwOTVVB2FkZHJlc3NxJVgDAAAAa21yVQpjdXN0b21lcmlkcSaKAQNVD2lzZW1haWx2ZXJpZmllZHEnTlUKbW9iaWxlY29kZXEoWAUAAAAxMDk1NlUQaXNtb2JpbGV2ZXJpZmllZHEpTlUFZGVhbHNxKlgAAAAAVQl1cGRhdGVkYnlxK051YlUKcmFuZG9tY29kZXEsVQUxMDkyNGgXVQQ4MDA2dS4=','2013-09-06 12:17:16'),('i7rlj9iawmx7e7pdshfqnq2ij5wieovu','ZjJlZDg5MmUzYzc3ZmE3YTE3NzY1NDc0NjAwOTY0ZDUzZTljNDZiODqAAn1xAVUEVXNlcnECY2NvcHlfcmVnCl9yZWNvbnN0cnVjdG9yCnEDY0luZGlhRGVucy5tb2RlbHMKRW1wbG95ZWVzCnEEY19fYnVpbHRpbl9fCm9iamVjdApxBU6HUnEGfXEHKFUHZW1haWxpZHEIWBIAAAB2ZW51QGluZGlhZGVucy5jb21VBGNpdHlxCVgJAAAASHlkZXJhYmFkVRBidXNpbmVzc2NhdGVnb3J5cQpOVQplbXBsb3llZWlkcQuKAQJVCWZpcnN0bmFtZXEMWAkAAAB2ZW51Z29wYWxVCGJyYW5jaGlkcQ1OVQhsYXN0bmFtZXEOWAkAAAB2b3JhZ2FudGlVBXRpdGxlcQ9YAAAAAFUGX3N0YXRlcRBjZGphbmdvLmRiLm1vZGVscy5iYXNlCk1vZGVsU3RhdGUKcREpgXESfXETKFUGYWRkaW5ncRSJVQJkYnEVVQdkZWZhdWx0cRZ1YlULZGVzaWduYXRpb25xF1gAAAAAVQljb250YWN0bm9xGFgKAAAAODg4NTY2MjIyM1ULY29uZmlybWNvZGVxGVgAAAAAVQRyb2xlcRpYAQAAAFNVCGlzYWN0aXZlcRtVAQBVB3N0YXRlaWRxHEsCVQdhZGRyZXNzcR1YDAAAAFByYWthc2huYWdhclUMYnVzaW5lc3NpbmZvcR5YAAAAAFUHY291bnRyeXEfTlUIbG9naW5wd2RxIFgHAAAAd2VsY29tZVUFcGhvdG9xIVgjAAAAc3RhdGljL0xpc3RpbmdJbWFnZXMvRW1wbG95ZWUtMi5qcGd1YnMu','2013-09-18 14:38:56'),('ihnk3aq1ua8k2chbc8r63mh3itmhqpmy','MTk2NGNjNjE3ZGM4NGQ4Yjc5ZGE3MDZmMDUxYTA0ODJjM2ZhY2VhZjqAAn1xAVUIQ3VzdG9tZXJxAmNjb3B5X3JlZwpfcmVjb25zdHJ1Y3RvcgpxA2NJbmRpYURlbnMubW9kZWxzCkN1c3RvbWVycwpxBGNfX2J1aWx0aW5fXwpvYmplY3QKcQVOh1JxBn1xByhVB3Byb2ZpbGVxCFgAAAAAVQhzdWJ0aXRsZXEJWAAAAABVCHBhcmVudGlkcQpOVQZfc3RhdGVxC2NkamFuZ28uZGIubW9kZWxzLmJhc2UKTW9kZWxTdGF0ZQpxDCmBcQ19cQ4oVQZhZGRpbmdxD4lVAmRicRBVB2RlZmF1bHRxEXViVQhrZXl3b3Jkc3ESWAAAAABVBGxvZ29xE1gAAAAAVQhsb2dpbnB3ZHEUWAYAAAA4NTk5NTRVCWVtYWlsY29kZXEVWCIAAAAzMG8zN2g2aHF3bWc3NTBzYWw5cTdjZXc5dzZ3ZWE2Y2pjVQV0aXRsZXEWWAAAAABVC2lzY29uZmlybWVkcRdOVQxjdXN0b21lcnR5cGVxGEsBVQtjb25maXJtY29kZXEZWAAAAABVBmNpdHlpZHEaSwJVC2xvY2F0aW9ubWFwcRtYAAAAAFUFZW1haWxxHFgRAAAAbWFuc2lhQGdvb2dsZS5jb21VCWlzZGVsZXRlZHEdTlUHd2Vic2l0ZXEeWAAAAABVA2ZheHEfWAAAAABVCWNvdW50cnlpZHEgTlULZGVzY3JpcHRpb25xIVgAAAAAVQlmaXJzdG5hbWVxIlgFAAAAbWFuc2lVB3N0YXRlaWRxI0sCVQhsYXN0bmFtZXEkWAEAAABBVRBkZWFsaW5nbG9jYXRpb25zcSVYAAAAAFUFcGhvbmVxJlgMAAAAOTE3NTM5NjMxMjM2VQdhZGRyZXNzcSdYAAAAAFUKY3VzdG9tZXJpZHEoigEfVQ9pc2VtYWlsdmVyaWZpZWRxKU5VCm1vYmlsZWNvZGVxKlgFAAAAMTA0MjJVEGlzbW9iaWxldmVyaWZpZWRxK05VBWRlYWxzcSxYAAAAAFUJdXBkYXRlZGJ5cS1OdWJzLg==','2013-09-18 13:13:05'),('iuqvtss6up6mwxh6xhv70glj5w9ohgzq','MGQ3ZDhkYjJhNDIyMTQwNDZmZTRlOTA3ZDYyZWYzYTVhMGVjZDU3YTqAAn1xAS4=','2013-09-06 11:26:50'),('iwkwo6kv5hnnj58jmc5nb464o0siq6s3','ZWNlMTU4ZTZkODk1ZTk4NzU0NzkwOGM5ZjI5ZmMxOTY0ZGQ0MmNiNzqAAn1xAShVBkNpdHlJZFgAAAAAVQhCZWRSb29tc1gBAAAAMFUIcHJvcHR5cGVLAVUFUFR5cGVYAgAAADEwcQJVB0FkZHJlc3NYAAAAAHUu','2013-09-20 15:30:20'),('j8qiucjstbt3d0ehwpl4ad8e5o9qnasl','MzcyNzMzYzRjNWIzMmQ1ZTQ4OTIyMTg0YjRhMDA4MTdjOWFjYWJjNzqAAn1xAVUIQ3VzdG9tZXJxAmNjb3B5X3JlZwpfcmVjb25zdHJ1Y3RvcgpxA2NJbmRpYURlbnMubW9kZWxzCkN1c3RvbWVycwpxBGNfX2J1aWx0aW5fXwpvYmplY3QKcQVOh1JxBn1xByhVB3Byb2ZpbGVxCFgAAAAAVQhzdWJ0aXRsZXEJWAAAAABVCHBhcmVudGlkcQpOVQZfc3RhdGVxC2NkamFuZ28uZGIubW9kZWxzLmJhc2UKTW9kZWxTdGF0ZQpxDCmBcQ19cQ4oVQZhZGRpbmdxD4lVAmRicRBVB2RlZmF1bHRxEXViVQhrZXl3b3Jkc3ESWAAAAABVBGxvZ29xE1gAAAAAVQhsb2dpbnB3ZHEUWAcAAAB3ZWxjb21lVQllbWFpbGNvZGVxFVgiAAAAMThqbDZ4bXgxemVkeWszMms1aXJ1MDFkcGI5Y3VteTgwcVUFdGl0bGVxFlgAAAAAVQtpc2NvbmZpcm1lZHEXTlUMY3VzdG9tZXJ0eXBlcRhLAlULY29uZmlybWNvZGVxGVgAAAAAVQZjaXR5aWRxGktEVQtsb2NhdGlvbm1hcHEbWAAAAABVBWVtYWlscRxYFAAAAG11cnRoeUBpbmRpYWRlbnMuY29tVQlpc2RlbGV0ZWRxHU5VB3dlYnNpdGVxHlgAAAAAVQNmYXhxH1gAAAAAVQljb3VudHJ5aWRxIEsBVQtkZXNjcmlwdGlvbnEhWAAAAABVCWZpcnN0bmFtZXEiWAYAAABNdXJ0aHlVB3N0YXRlaWRxI0sLVQhsYXN0bmFtZXEkWAsAAABQeWRpa29uZGFsYVUQZGVhbGluZ2xvY2F0aW9uc3ElWAAAAABVBXBob25lcSZYDAAAADkxODA5NjgwNjA4OVUHYWRkcmVzc3EnWAsAAABETEYgUGhhc2UtMVUKY3VzdG9tZXJpZHEoigEUVQ9pc2VtYWlsdmVyaWZpZWRxKU5VCm1vYmlsZWNvZGVxKlgFAAAAMTA5OTlVEGlzbW9iaWxldmVyaWZpZWRxK05VBWRlYWxzcSxYAAAAAFUJdXBkYXRlZGJ5cS1OdWJzLg==','2013-09-21 15:08:01'),('jl6xmx1zedyk32k5iru01dpb9cumy80q','Mzk5NDhkNDk0NTIyNGZjNGRmNWEzMTcxNjkwN2Q2OTk3MjQ5NWVmYzqAAn1xAShVCEN1c3RvbWVyY2NvcHlfcmVnCl9yZWNvbnN0cnVjdG9yCnECY0luZGlhRGVucy5tb2RlbHMKQ3VzdG9tZXJzCnEDY19fYnVpbHRpbl9fCm9iamVjdApxBE6HUnEFfXEGKFUHcHJvZmlsZXEHWAAAAABVCHN1YnRpdGxlcQhYAAAAAFUIcGFyZW50aWRxCU5VBl9zdGF0ZXEKY2RqYW5nby5kYi5tb2RlbHMuYmFzZQpNb2RlbFN0YXRlCnELKYFxDH1xDShVBmFkZGluZ3EOiVUCZGJxD1UHZGVmYXVsdHViVQhrZXl3b3Jkc3EQWAAAAABVBGxvZ29xEVgAAAAAVQhsb2dpbnB3ZHESWAYAAAAzOTE0MzBVCWVtYWlsY29kZXETWCIAAAAxOGpsNnhteDF6ZWR5azMyazVpcnUwMWRwYjljdW15ODBxVQV0aXRsZXEUWAAAAABVC2lzY29uZmlybWVkcRVOVQxjdXN0b21lcnR5cGVxFk5VC2NvbmZpcm1jb2RlcRdYAAAAAFUGY2l0eWlkcRhLA1ULbG9jYXRpb25tYXBxGVgAAAAAVQVlbWFpbHEaWBQAAABtdXJ0aHlAaW5kaWFkZW5zLmNvbVUJaXNkZWxldGVkcRtOVQd3ZWJzaXRlcRxYAAAAAFUDZmF4cR1YAAAAAFUJY291bnRyeWlkcR5OVQtkZXNjcmlwdGlvbnEfWAAAAABVCWZpcnN0bmFtZXEgWAAAAABVB3N0YXRlaWRxIUsBVQhsYXN0bmFtZXEiWAsAAABQeWRpa29uZGFsYVUQZGVhbGluZ2xvY2F0aW9uc3EjWAAAAABVBXBob25lcSRYDAAAADkxODA5NjgwNjA4OVUHYWRkcmVzc3ElWAAAAABVCmN1c3RvbWVyaWRxJooBE1UPaXNlbWFpbHZlcmlmaWVkcSdOVQptb2JpbGVjb2RlcShYBQAAADEwNjc2VRBpc21vYmlsZXZlcmlmaWVkcSlOVQVkZWFsc3EqWAAAAABVCXVwZGF0ZWRieXErTnViVQpyYW5kb21jb2RlcSxVBTEwOTk5aBdVBDgxNTN1Lg==','2013-09-16 14:15:34'),('jxhfcbtkpobbha2v6wcfmo2vs32trybx','OWVhMmJkYjQ3YzVmZWVlYjA1Y2U3MTNiNjk2Y2RlMWUxMjVhNTVmNDqAAn1xAVUIQ3VzdG9tZXJxAmNjb3B5X3JlZwpfcmVjb25zdHJ1Y3RvcgpxA2NJbmRpYURlbnMubW9kZWxzCkN1c3RvbWVycwpxBGNfX2J1aWx0aW5fXwpvYmplY3QKcQVOh1JxBn1xByhVB3Byb2ZpbGVxCFgAAAAAVQhzdWJ0aXRsZXEJWAAAAABVCHBhcmVudGlkcQpOVQZfc3RhdGVxC2NkamFuZ28uZGIubW9kZWxzLmJhc2UKTW9kZWxTdGF0ZQpxDCmBcQ19cQ4oVQZhZGRpbmdxD4lVAmRicRBVB2RlZmF1bHRxEXViVQhrZXl3b3Jkc3ESWAAAAABVBGxvZ29xE1gAAAAAVQhsb2dpbnB3ZHEUWAcAAAB3ZWxjb21lVQllbWFpbGNvZGVxFVghAAAAMmtvMWh2MzRrd3d5anQ5cjUyb2ZyNHlhemk1Nm4xemh1VQV0aXRsZXEWWAAAAABVC2lzY29uZmlybWVkcRdOVQxjdXN0b21lcnR5cGVxGEsAVQtjb25maXJtY29kZXEZWAAAAABVBmNpdHlpZHEaSxpVC2xvY2F0aW9ubWFwcRtYAAAAAFUFZW1haWxxHFgTAAAAYXNob2tAaW5kaWFkZW5zLmNvbVUJaXNkZWxldGVkcR1OVQd3ZWJzaXRlcR5YAAAAAFUDZmF4cR9YAAAAAFUJY291bnRyeWlkcSBLAVULZGVzY3JpcHRpb25xIVgAAAAAVQlmaXJzdG5hbWVxIlgFAAAAYXNob2tVB3N0YXRlaWRxI0sBVQhsYXN0bmFtZXEkWAYAAABkaHVkbGFVEGRlYWxpbmdsb2NhdGlvbnNxJVgAAAAAVQVwaG9uZXEmWAwAAAA5MTk3MDQ3MTcwOTVVB2FkZHJlc3NxJ1gDAAAAa21yVQpjdXN0b21lcmlkcSiKAQNVD2lzZW1haWx2ZXJpZmllZHEpTlUKbW9iaWxlY29kZXEqWAUAAAAxMDk1NlUQaXNtb2JpbGV2ZXJpZmllZHErTlUFZGVhbHNxLFgAAAAAVQl1cGRhdGVkYnlxLU51YnMu','2013-09-19 12:05:48'),('kabcava9zpofm5cn4c0uy59snzu0d3lr','OWVhMmJkYjQ3YzVmZWVlYjA1Y2U3MTNiNjk2Y2RlMWUxMjVhNTVmNDqAAn1xAVUIQ3VzdG9tZXJxAmNjb3B5X3JlZwpfcmVjb25zdHJ1Y3RvcgpxA2NJbmRpYURlbnMubW9kZWxzCkN1c3RvbWVycwpxBGNfX2J1aWx0aW5fXwpvYmplY3QKcQVOh1JxBn1xByhVB3Byb2ZpbGVxCFgAAAAAVQhzdWJ0aXRsZXEJWAAAAABVCHBhcmVudGlkcQpOVQZfc3RhdGVxC2NkamFuZ28uZGIubW9kZWxzLmJhc2UKTW9kZWxTdGF0ZQpxDCmBcQ19cQ4oVQZhZGRpbmdxD4lVAmRicRBVB2RlZmF1bHRxEXViVQhrZXl3b3Jkc3ESWAAAAABVBGxvZ29xE1gAAAAAVQhsb2dpbnB3ZHEUWAcAAAB3ZWxjb21lVQllbWFpbGNvZGVxFVghAAAAMmtvMWh2MzRrd3d5anQ5cjUyb2ZyNHlhemk1Nm4xemh1VQV0aXRsZXEWWAAAAABVC2lzY29uZmlybWVkcRdOVQxjdXN0b21lcnR5cGVxGEsAVQtjb25maXJtY29kZXEZWAAAAABVBmNpdHlpZHEaSxpVC2xvY2F0aW9ubWFwcRtYAAAAAFUFZW1haWxxHFgTAAAAYXNob2tAaW5kaWFkZW5zLmNvbVUJaXNkZWxldGVkcR1OVQd3ZWJzaXRlcR5YAAAAAFUDZmF4cR9YAAAAAFUJY291bnRyeWlkcSBLAVULZGVzY3JpcHRpb25xIVgAAAAAVQlmaXJzdG5hbWVxIlgFAAAAYXNob2tVB3N0YXRlaWRxI0sBVQhsYXN0bmFtZXEkWAYAAABkaHVkbGFVEGRlYWxpbmdsb2NhdGlvbnNxJVgAAAAAVQVwaG9uZXEmWAwAAAA5MTk3MDQ3MTcwOTVVB2FkZHJlc3NxJ1gDAAAAa21yVQpjdXN0b21lcmlkcSiKAQNVD2lzZW1haWx2ZXJpZmllZHEpTlUKbW9iaWxlY29kZXEqWAUAAAAxMDk1NlUQaXNtb2JpbGV2ZXJpZmllZHErTlUFZGVhbHNxLFgAAAAAVQl1cGRhdGVkYnlxLU51YnMu','2013-09-20 07:30:34'),('ko1hv34kwwyjt9r52ofr4yazi56n1zhu','OWVhMmJkYjQ3YzVmZWVlYjA1Y2U3MTNiNjk2Y2RlMWUxMjVhNTVmNDqAAn1xAVUIQ3VzdG9tZXJxAmNjb3B5X3JlZwpfcmVjb25zdHJ1Y3RvcgpxA2NJbmRpYURlbnMubW9kZWxzCkN1c3RvbWVycwpxBGNfX2J1aWx0aW5fXwpvYmplY3QKcQVOh1JxBn1xByhVB3Byb2ZpbGVxCFgAAAAAVQhzdWJ0aXRsZXEJWAAAAABVCHBhcmVudGlkcQpOVQZfc3RhdGVxC2NkamFuZ28uZGIubW9kZWxzLmJhc2UKTW9kZWxTdGF0ZQpxDCmBcQ19cQ4oVQZhZGRpbmdxD4lVAmRicRBVB2RlZmF1bHRxEXViVQhrZXl3b3Jkc3ESWAAAAABVBGxvZ29xE1gAAAAAVQhsb2dpbnB3ZHEUWAcAAAB3ZWxjb21lVQllbWFpbGNvZGVxFVghAAAAMmtvMWh2MzRrd3d5anQ5cjUyb2ZyNHlhemk1Nm4xemh1VQV0aXRsZXEWWAAAAABVC2lzY29uZmlybWVkcRdOVQxjdXN0b21lcnR5cGVxGEsAVQtjb25maXJtY29kZXEZWAAAAABVBmNpdHlpZHEaSxpVC2xvY2F0aW9ubWFwcRtYAAAAAFUFZW1haWxxHFgTAAAAYXNob2tAaW5kaWFkZW5zLmNvbVUJaXNkZWxldGVkcR1OVQd3ZWJzaXRlcR5YAAAAAFUDZmF4cR9YAAAAAFUJY291bnRyeWlkcSBLAVULZGVzY3JpcHRpb25xIVgAAAAAVQlmaXJzdG5hbWVxIlgFAAAAYXNob2tVB3N0YXRlaWRxI0sBVQhsYXN0bmFtZXEkWAYAAABkaHVkbGFVEGRlYWxpbmdsb2NhdGlvbnNxJVgAAAAAVQVwaG9uZXEmWAwAAAA5MTk3MDQ3MTcwOTVVB2FkZHJlc3NxJ1gDAAAAa21yVQpjdXN0b21lcmlkcSiKAQNVD2lzZW1haWx2ZXJpZmllZHEpTlUKbW9iaWxlY29kZXEqWAUAAAAxMDk1NlUQaXNtb2JpbGV2ZXJpZmllZHErTlUFZGVhbHNxLFgAAAAAVQl1cGRhdGVkYnlxLU51YnMu','2013-09-06 10:35:57'),('kx1u0l1g316zx3jxm6olhfmehliebdop','ZjJlZDg5MmUzYzc3ZmE3YTE3NzY1NDc0NjAwOTY0ZDUzZTljNDZiODqAAn1xAVUEVXNlcnECY2NvcHlfcmVnCl9yZWNvbnN0cnVjdG9yCnEDY0luZGlhRGVucy5tb2RlbHMKRW1wbG95ZWVzCnEEY19fYnVpbHRpbl9fCm9iamVjdApxBU6HUnEGfXEHKFUHZW1haWxpZHEIWBIAAAB2ZW51QGluZGlhZGVucy5jb21VBGNpdHlxCVgJAAAASHlkZXJhYmFkVRBidXNpbmVzc2NhdGVnb3J5cQpOVQplbXBsb3llZWlkcQuKAQJVCWZpcnN0bmFtZXEMWAkAAAB2ZW51Z29wYWxVCGJyYW5jaGlkcQ1OVQhsYXN0bmFtZXEOWAkAAAB2b3JhZ2FudGlVBXRpdGxlcQ9YAAAAAFUGX3N0YXRlcRBjZGphbmdvLmRiLm1vZGVscy5iYXNlCk1vZGVsU3RhdGUKcREpgXESfXETKFUGYWRkaW5ncRSJVQJkYnEVVQdkZWZhdWx0cRZ1YlULZGVzaWduYXRpb25xF1gAAAAAVQljb250YWN0bm9xGFgKAAAAODg4NTY2MjIyM1ULY29uZmlybWNvZGVxGVgAAAAAVQRyb2xlcRpYAQAAAFNVCGlzYWN0aXZlcRtVAQBVB3N0YXRlaWRxHEsCVQdhZGRyZXNzcR1YDAAAAFByYWthc2huYWdhclUMYnVzaW5lc3NpbmZvcR5YAAAAAFUHY291bnRyeXEfTlUIbG9naW5wd2RxIFgHAAAAd2VsY29tZVUFcGhvdG9xIVgjAAAAc3RhdGljL0xpc3RpbmdJbWFnZXMvRW1wbG95ZWUtMi5qcGd1YnMu','2013-09-18 12:43:38'),('l1l8cnx33wer5p9bl3t2jd3eu1w7fcr1','N2I2MzE1NDlkZjQ4ZDc1YjM5OTRkN2ZmODQ3Y2U0ZGZiMzkxZGNjZDqAAn1xAVUIQ3VzdG9tZXJxAmNjb3B5X3JlZwpfcmVjb25zdHJ1Y3RvcgpxA2NJbmRpYURlbnMubW9kZWxzCkN1c3RvbWVycwpxBGNfX2J1aWx0aW5fXwpvYmplY3QKcQVOh1JxBn1xByhVB3Byb2ZpbGVxCFgJAAAAcGVybWFuZW50VQhzdWJ0aXRsZXEJWAcAAABzYWRnc2FnVQhwYXJlbnRpZHEKTlUGX3N0YXRlcQtjZGphbmdvLmRiLm1vZGVscy5iYXNlCk1vZGVsU3RhdGUKcQwpgXENfXEOKFUGYWRkaW5ncQ+JVQJkYnEQVQdkZWZhdWx0cRF1YlUIa2V5d29yZHNxElgAAAAAVQRsb2dvcRNYDgAAAEN1c3RvbWVyLTIuanBnVQhsb2dpbnB3ZHEUWAcAAAB3ZWxjb21lVQllbWFpbGNvZGVxFVghAAAAMTRlbm96eWFtZGZxOW9nZW1kY3d0d3BwdjJlcGxhaWhzVQV0aXRsZXEWWA0AAABFIFNldmEgQ2VudGVyVQtpc2NvbmZpcm1lZHEXTlUMY3VzdG9tZXJ0eXBlcRhLA1ULY29uZmlybWNvZGVxGVgAAAAAVQZjaXR5aWRxGksDVQtsb2NhdGlvbm1hcHEbWAAAAABVBWVtYWlscRxYEgAAAHZlbnVAaW5kaWFkZW5zLmNvbVUJaXNkZWxldGVkcR1OVQd3ZWJzaXRlcR5YEQAAAHd3dy5pbmRpYWRlbnMuY29tVQNmYXhxH1gLAAAAMDQwLTY1NjY1NTJVCWNvdW50cnlpZHEgSwFVC2Rlc2NyaXB0aW9ucSFYAwAAAGJsYVUJZmlyc3RuYW1lcSJYCQAAAHZlbnVnb3BhbFUHc3RhdGVpZHEjSwJVCGxhc3RuYW1lcSRYCQAAAHZvcmFnYW50aVUQZGVhbGluZ2xvY2F0aW9uc3ElWAQAAABibGEgVQVwaG9uZXEmWAwAAAA5MTg4ODU2NjIyMjNVB2FkZHJlc3NxJ1gIAAAAQmVndW1wZXRVCmN1c3RvbWVyaWRxKIoBAlUPaXNlbWFpbHZlcmlmaWVkcSlLAVUKbW9iaWxlY29kZXEqWAUAAAAxMDI1MlUQaXNtb2JpbGV2ZXJpZmllZHErTlUFZGVhbHNxLFgDAAAAbm9vVQl1cGRhdGVkYnlxLU51YnMu','2013-09-16 14:07:59'),('l22bsvpkslqaxv9wt2m2f4v5m5ybz2at','MGQzNDFlMjIxOTI3NjM5ZmFmNGNlZTRhN2IzYWQ2NjY2ZmNiOTI0MjqAAn1xAVUIQ3VzdG9tZXJjY29weV9yZWcKX3JlY29uc3RydWN0b3IKcQJjSW5kaWFEZW5zLm1vZGVscwpDdXN0b21lcnMKcQNjX19idWlsdGluX18Kb2JqZWN0CnEETodScQV9cQYoVQdwcm9maWxlcQdYAAAAAFUIc3VidGl0bGVxCFgAAAAAVQhwYXJlbnRpZHEJTlUGX3N0YXRlcQpjZGphbmdvLmRiLm1vZGVscy5iYXNlCk1vZGVsU3RhdGUKcQspgXEMfXENKFUGYWRkaW5ncQ6JVQJkYnEPVQdkZWZhdWx0cRB1YlUIa2V5d29yZHNxEVgAAAAAVQRsb2dvcRJYAAAAAFUIbG9naW5wd2RxE1gGAAAAODU5OTU0VQllbWFpbGNvZGVxFFgiAAAAMzBvMzdoNmhxd21nNzUwc2FsOXE3Y2V3OXc2d2VhNmNqY1UFdGl0bGVxFVgAAAAAVQtpc2NvbmZpcm1lZHEWTlUMY3VzdG9tZXJ0eXBlcRdLAVULY29uZmlybWNvZGVxGFgAAAAAVQZjaXR5aWRxGUsCVQtsb2NhdGlvbm1hcHEaWAAAAABVBWVtYWlscRtYEQAAAG1hbnNpYUBnb29nbGUuY29tVQlpc2RlbGV0ZWRxHE5VB3dlYnNpdGVxHVgAAAAAVQNmYXhxHlgAAAAAVQljb3VudHJ5aWRxH05VC2Rlc2NyaXB0aW9ucSBYAAAAAFUJZmlyc3RuYW1lcSFYBQAAAG1hbnNpVQdzdGF0ZWlkcSJLAlUIbGFzdG5hbWVxI1gBAAAAQVUQZGVhbGluZ2xvY2F0aW9uc3EkWAAAAABVBXBob25lcSVYDAAAADkxNzUzOTYzMTIzNlUHYWRkcmVzc3EmWAAAAABVCmN1c3RvbWVyaWRxJ4oBH1UPaXNlbWFpbHZlcmlmaWVkcShOVQptb2JpbGVjb2RlcSlYBQAAADEwNDIyVRBpc21vYmlsZXZlcmlmaWVkcSpOVQVkZWFsc3ErWAAAAABVCXVwZGF0ZWRieXEsTnVicy4=','2013-09-18 13:55:42'),('lcdhjya3pik1i1b0yoaegk2fty49k8kg','NzA5ZjNlYThmZTI0OTcyNjA1ZDNiMjE4NzM1OWI3YWI2OGNkMzhhODqAAn1xAVUIQ3VzdG9tZXJxAmNjb3B5X3JlZwpfcmVjb25zdHJ1Y3RvcgpxA2NJbmRpYURlbnMubW9kZWxzCkN1c3RvbWVycwpxBGNfX2J1aWx0aW5fXwpvYmplY3QKcQVOh1JxBn1xByhVB3Byb2ZpbGVxCFgAAAAAVQhzdWJ0aXRsZXEJWAAAAABVCHBhcmVudGlkcQpOVQZfc3RhdGVxC2NkamFuZ28uZGIubW9kZWxzLmJhc2UKTW9kZWxTdGF0ZQpxDCmBcQ19cQ4oVQZhZGRpbmdxD4lVAmRicRBVB2RlZmF1bHRxEXViVQhrZXl3b3Jkc3ESWAAAAABVBGxvZ29xE1gAAAAAVQhsb2dpbnB3ZHEUWAYAAAAzMTk3MDJVCWVtYWlsY29kZXEVWCIAAAAxMDA0cXJzeGhiZ3ZocXZ2c3ozMzVvMGQ5NWFlZTU4NTk5VQV0aXRsZXEWWAAAAABVC2lzY29uZmlybWVkcRdOVQxjdXN0b21lcnR5cGVxGE5VC2NvbmZpcm1jb2RlcRlYAAAAAFUGY2l0eWlkcRpLA1ULbG9jYXRpb25tYXBxG1gAAAAAVQVlbWFpbHEcWBAAAABkaXZ5YWRAZ21haWwuY29tVQlpc2RlbGV0ZWRxHU5VB3dlYnNpdGVxHlgAAAAAVQNmYXhxH1gAAAAAVQljb3VudHJ5aWRxIE5VC2Rlc2NyaXB0aW9ucSFYAAAAAFUJZmlyc3RuYW1lcSJYBQAAAERpdnlhVQdzdGF0ZWlkcSNLAVUIbGFzdG5hbWVxJFgBAAAAIFUQZGVhbGluZ2xvY2F0aW9uc3ElWAAAAABVBXBob25lcSZYDAAAADkxODg4NTI1MTYyMVUHYWRkcmVzc3EnWAAAAABVCmN1c3RvbWVyaWRxKIoBC1UPaXNlbWFpbHZlcmlmaWVkcSlOVQptb2JpbGVjb2RlcSpYBQAAADEwNTcwVRBpc21vYmlsZXZlcmlmaWVkcStOVQVkZWFsc3EsWAAAAABVCXVwZGF0ZWRieXEtTnVicy4=','2013-09-17 11:27:21'),('lffodc8kwtqv35ciw2e0bof5vinfmv8h','MGQ3ZDhkYjJhNDIyMTQwNDZmZTRlOTA3ZDYyZWYzYTVhMGVjZDU3YTqAAn1xAS4=','2013-09-18 08:40:51'),('lh8wxda37jcwt7ekahv7umpequv1qtea','ODg4MGU3YzRjMzRkMzEzMzgyODdjYjNkMjEwZTMzZDIyMzlhMzU1OTqAAn1xAVUIQ3VzdG9tZXJxAmNjb3B5X3JlZwpfcmVjb25zdHJ1Y3RvcgpxA2NJbmRpYURlbnMubW9kZWxzCkN1c3RvbWVycwpxBGNfX2J1aWx0aW5fXwpvYmplY3QKcQVOh1JxBn1xByhVB3Byb2ZpbGVxCFgAAAAAVQhzdWJ0aXRsZXEJWAAAAABVCHBhcmVudGlkcQpOVQZfc3RhdGVxC2NkamFuZ28uZGIubW9kZWxzLmJhc2UKTW9kZWxTdGF0ZQpxDCmBcQ19cQ4oVQZhZGRpbmdxD4lVAmRicRBVB2RlZmF1bHRxEXViVQhrZXl3b3Jkc3ESWAAAAABVBGxvZ29xE1gAAAAAVQhsb2dpbnB3ZHEUWAYAAAAxOTA4MjBVCWVtYWlsY29kZXEVWCIAAAAyN3oxeGU3dXd4MWt0aGpjNXQ2bGpha2ZpdmF4anpuYzU3VQV0aXRsZXEWWAAAAABVC2lzY29uZmlybWVkcRdOVQxjdXN0b21lcnR5cGVxGEsBVQtjb25maXJtY29kZXEZWAAAAABVBmNpdHlpZHEaSwNVC2xvY2F0aW9ubWFwcRtYAAAAAFUFZW1haWxxHFgVAAAAbXVydGh5QGV4cGVydHNkZW4uY29tVQlpc2RlbGV0ZWRxHU5VB3dlYnNpdGVxHlgAAAAAVQNmYXhxH1gAAAAAVQljb3VudHJ5aWRxIEsBVQtkZXNjcmlwdGlvbnEhWAAAAABVCWZpcnN0bmFtZXEiWAYAAABNdXJ0aHlVB3N0YXRlaWRxI0sCVQhsYXN0bmFtZXEkWAsAAABQeWRpa29uZGFsYVUQZGVhbGluZ2xvY2F0aW9uc3ElWAAAAABVBXBob25lcSZYDAAAADkxODA5NjgwNjA4OVUHYWRkcmVzc3EnWAIAAABERFUKY3VzdG9tZXJpZHEoigEcVQ9pc2VtYWlsdmVyaWZpZWRxKU5VCm1vYmlsZWNvZGVxKlgFAAAAMTAyNjRVEGlzbW9iaWxldmVyaWZpZWRxK05VBWRlYWxzcSxYAAAAAFUJdXBkYXRlZGJ5cS1OdWJzLg==','2013-09-18 14:42:49'),('ljnv84pbhh4jd4bpi8iu6dnuc3en8ws7','MGQ3ZDhkYjJhNDIyMTQwNDZmZTRlOTA3ZDYyZWYzYTVhMGVjZDU3YTqAAn1xAS4=','2013-09-16 14:08:50'),('lk22lfz9zn1xqx7dcvfhy14mza3mwc3t','YjgyZmI1MGJlY2I3ZDFmYTQ3OGE5YjAyY2Q3OTBlMTk3ZGE5OGIyMjqAAn1xAVUIQ3VzdG9tZXJjY29weV9yZWcKX3JlY29uc3RydWN0b3IKcQJjSW5kaWFEZW5zLm1vZGVscwpDdXN0b21lcnMKcQNjX19idWlsdGluX18Kb2JqZWN0CnEETodScQV9cQYoVQdwcm9maWxlcQdYAAAAAFUIc3VidGl0bGVxCFgAAAAAVQhwYXJlbnRpZHEJTlUGX3N0YXRlcQpjZGphbmdvLmRiLm1vZGVscy5iYXNlCk1vZGVsU3RhdGUKcQspgXEMfXENKFUGYWRkaW5ncQ6JVQJkYnEPVQdkZWZhdWx0dWJVCGtleXdvcmRzcRBYAAAAAFUEbG9nb3ERWAAAAABVCGxvZ2lucHdkcRJYBwAAAHdlbGNvbWVVCWVtYWlsY29kZXETWCEAAAAya28xaHYzNGt3d3lqdDlyNTJvZnI0eWF6aTU2bjF6aHVVBXRpdGxlcRRYAAAAAFULaXNjb25maXJtZWRxFU5VDGN1c3RvbWVydHlwZXEWSwBVC2NvbmZpcm1jb2RlcRdYAAAAAFUGY2l0eWlkcRhLGlULbG9jYXRpb25tYXBxGVgAAAAAVQVlbWFpbHEaWBMAAABhc2hva0BpbmRpYWRlbnMuY29tVQlpc2RlbGV0ZWRxG05VB3dlYnNpdGVxHFgAAAAAVQNmYXhxHVgAAAAAVQljb3VudHJ5aWRxHksBVQtkZXNjcmlwdGlvbnEfWAAAAABVCWZpcnN0bmFtZXEgWAUAAABhc2hva1UHc3RhdGVpZHEhSwFVCGxhc3RuYW1lcSJYBgAAAGRodWRsYVUQZGVhbGluZ2xvY2F0aW9uc3EjWAAAAABVBXBob25lcSRYDAAAADkxOTcwNDcxNzA5NVUHYWRkcmVzc3ElWAMAAABrbXJVCmN1c3RvbWVyaWRxJooBA1UPaXNlbWFpbHZlcmlmaWVkcSdOVQptb2JpbGVjb2RlcShYBQAAADEwOTU2VRBpc21vYmlsZXZlcmlmaWVkcSlOVQVkZWFsc3EqWAAAAABVCXVwZGF0ZWRieXErTnVicy4=','2013-09-18 07:32:57'),('lo0f7wvw9jcbb78y7obn25jbe9sc3ne8','ZjJlZDg5MmUzYzc3ZmE3YTE3NzY1NDc0NjAwOTY0ZDUzZTljNDZiODqAAn1xAVUEVXNlcnECY2NvcHlfcmVnCl9yZWNvbnN0cnVjdG9yCnEDY0luZGlhRGVucy5tb2RlbHMKRW1wbG95ZWVzCnEEY19fYnVpbHRpbl9fCm9iamVjdApxBU6HUnEGfXEHKFUHZW1haWxpZHEIWBIAAAB2ZW51QGluZGlhZGVucy5jb21VBGNpdHlxCVgJAAAASHlkZXJhYmFkVRBidXNpbmVzc2NhdGVnb3J5cQpOVQplbXBsb3llZWlkcQuKAQJVCWZpcnN0bmFtZXEMWAkAAAB2ZW51Z29wYWxVCGJyYW5jaGlkcQ1OVQhsYXN0bmFtZXEOWAkAAAB2b3JhZ2FudGlVBXRpdGxlcQ9YAAAAAFUGX3N0YXRlcRBjZGphbmdvLmRiLm1vZGVscy5iYXNlCk1vZGVsU3RhdGUKcREpgXESfXETKFUGYWRkaW5ncRSJVQJkYnEVVQdkZWZhdWx0cRZ1YlULZGVzaWduYXRpb25xF1gAAAAAVQljb250YWN0bm9xGFgKAAAAODg4NTY2MjIyM1ULY29uZmlybWNvZGVxGVgAAAAAVQRyb2xlcRpYAQAAAFNVCGlzYWN0aXZlcRtVAQBVB3N0YXRlaWRxHEsCVQdhZGRyZXNzcR1YDAAAAFByYWthc2huYWdhclUMYnVzaW5lc3NpbmZvcR5YAAAAAFUHY291bnRyeXEfTlUIbG9naW5wd2RxIFgHAAAAd2VsY29tZVUFcGhvdG9xIVgjAAAAc3RhdGljL0xpc3RpbmdJbWFnZXMvRW1wbG95ZWUtMi5qcGd1YnMu','2013-09-18 07:29:50'),('m291xpc91ruzw0b3doszjb1x4i3pwcz5','MGQ3ZDhkYjJhNDIyMTQwNDZmZTRlOTA3ZDYyZWYzYTVhMGVjZDU3YTqAAn1xAS4=','2013-09-06 09:36:00'),('nnx8f5eemnkovbos7c2rpl91nq4mh619','ZjJlZDg5MmUzYzc3ZmE3YTE3NzY1NDc0NjAwOTY0ZDUzZTljNDZiODqAAn1xAVUEVXNlcnECY2NvcHlfcmVnCl9yZWNvbnN0cnVjdG9yCnEDY0luZGlhRGVucy5tb2RlbHMKRW1wbG95ZWVzCnEEY19fYnVpbHRpbl9fCm9iamVjdApxBU6HUnEGfXEHKFUHZW1haWxpZHEIWBIAAAB2ZW51QGluZGlhZGVucy5jb21VBGNpdHlxCVgJAAAASHlkZXJhYmFkVRBidXNpbmVzc2NhdGVnb3J5cQpOVQplbXBsb3llZWlkcQuKAQJVCWZpcnN0bmFtZXEMWAkAAAB2ZW51Z29wYWxVCGJyYW5jaGlkcQ1OVQhsYXN0bmFtZXEOWAkAAAB2b3JhZ2FudGlVBXRpdGxlcQ9YAAAAAFUGX3N0YXRlcRBjZGphbmdvLmRiLm1vZGVscy5iYXNlCk1vZGVsU3RhdGUKcREpgXESfXETKFUGYWRkaW5ncRSJVQJkYnEVVQdkZWZhdWx0cRZ1YlULZGVzaWduYXRpb25xF1gAAAAAVQljb250YWN0bm9xGFgKAAAAODg4NTY2MjIyM1ULY29uZmlybWNvZGVxGVgAAAAAVQRyb2xlcRpYAQAAAFNVCGlzYWN0aXZlcRtVAQBVB3N0YXRlaWRxHEsCVQdhZGRyZXNzcR1YDAAAAFByYWthc2huYWdhclUMYnVzaW5lc3NpbmZvcR5YAAAAAFUHY291bnRyeXEfTlUIbG9naW5wd2RxIFgHAAAAd2VsY29tZVUFcGhvdG9xIVgjAAAAc3RhdGljL0xpc3RpbmdJbWFnZXMvRW1wbG95ZWUtMi5qcGd1YnMu','2013-09-18 14:18:46'),('nxbclhe73dc3sycwox0779wglvqwoyph','MGQ3ZDhkYjJhNDIyMTQwNDZmZTRlOTA3ZDYyZWYzYTVhMGVjZDU3YTqAAn1xAS4=','2013-09-16 12:40:29'),('nyzrwi04fmqxhxm9bnl6130kzvmn4zna','NDBiYmMxMDc3YzIzNjAxYzY3NGJhZWRiZTUwM2E0NTZjODMzZjA5MDqAAn1xAVULY29uZmlybWNvZGVxAlUENDc2OHMu','2013-09-16 14:43:08'),('o0sh3gt4vw4lyxqoizqq0ybuz7b2iqe0','MGQ3ZDhkYjJhNDIyMTQwNDZmZTRlOTA3ZDYyZWYzYTVhMGVjZDU3YTqAAn1xAS4=','2013-09-20 06:28:27'),('o37h6hqwmg750sal9q7cew9w6wea6cjc','MTZhM2IwNzA2MGNmNjA2YjdiNTllZDVmNzE3Zjc1NjljY2I4ODNkNjqAAn1xAShVCnJhbmRvbWNvZGVxAlUFMTA0MjJVC2NvbmZpcm1jb2RlcQNVBDUxMDl1Lg==','2013-09-17 14:51:07'),('o7b5ljhacilukc1uyydk1100toe6kztq','YjgyZmI1MGJlY2I3ZDFmYTQ3OGE5YjAyY2Q3OTBlMTk3ZGE5OGIyMjqAAn1xAVUIQ3VzdG9tZXJjY29weV9yZWcKX3JlY29uc3RydWN0b3IKcQJjSW5kaWFEZW5zLm1vZGVscwpDdXN0b21lcnMKcQNjX19idWlsdGluX18Kb2JqZWN0CnEETodScQV9cQYoVQdwcm9maWxlcQdYAAAAAFUIc3VidGl0bGVxCFgAAAAAVQhwYXJlbnRpZHEJTlUGX3N0YXRlcQpjZGphbmdvLmRiLm1vZGVscy5iYXNlCk1vZGVsU3RhdGUKcQspgXEMfXENKFUGYWRkaW5ncQ6JVQJkYnEPVQdkZWZhdWx0dWJVCGtleXdvcmRzcRBYAAAAAFUEbG9nb3ERWAAAAABVCGxvZ2lucHdkcRJYBwAAAHdlbGNvbWVVCWVtYWlsY29kZXETWCEAAAAya28xaHYzNGt3d3lqdDlyNTJvZnI0eWF6aTU2bjF6aHVVBXRpdGxlcRRYAAAAAFULaXNjb25maXJtZWRxFU5VDGN1c3RvbWVydHlwZXEWSwBVC2NvbmZpcm1jb2RlcRdYAAAAAFUGY2l0eWlkcRhLGlULbG9jYXRpb25tYXBxGVgAAAAAVQVlbWFpbHEaWBMAAABhc2hva0BpbmRpYWRlbnMuY29tVQlpc2RlbGV0ZWRxG05VB3dlYnNpdGVxHFgAAAAAVQNmYXhxHVgAAAAAVQljb3VudHJ5aWRxHksBVQtkZXNjcmlwdGlvbnEfWAAAAABVCWZpcnN0bmFtZXEgWAUAAABhc2hva1UHc3RhdGVpZHEhSwFVCGxhc3RuYW1lcSJYBgAAAGRodWRsYVUQZGVhbGluZ2xvY2F0aW9uc3EjWAAAAABVBXBob25lcSRYDAAAADkxOTcwNDcxNzA5NVUHYWRkcmVzc3ElWAMAAABrbXJVCmN1c3RvbWVyaWRxJooBA1UPaXNlbWFpbHZlcmlmaWVkcSdOVQptb2JpbGVjb2RlcShYBQAAADEwOTU2VRBpc21vYmlsZXZlcmlmaWVkcSlOVQVkZWFsc3EqWAAAAABVCXVwZGF0ZWRieXErTnVicy4=','2013-09-18 14:09:23'),('ou1nidzjt1hvkindzlnnzv8od1fydtxa','MjY4ZTljZDU5Y2M1NzYxMTc4MTE5NzNlZjRkODQyMzRhZjZjOTFkMDqAAn1xAVUIcHJvcHR5cGVxAksBcy4=','2013-09-17 05:34:02'),('ozmm684ju1cwgd99lqhengfb297lhjxi','Y2IxOTcwZTAwYzNlNGVjYzhmMGMyNjg2ODhkYzI4ZWQzYzc3YTU3YjqAAn1xAVUIcHJvcHR5cGVLAXMu','2013-09-13 06:28:57'),('p4u9s7mv89ik0bxlfxasciryzat377wg','ODMxM2M1YjU1MTM3OTRjYTBjOGYyMzlhNGJkZGEyYjkzN2I2MTYxODqAAn1xAVUIQ3VzdG9tZXJxAmNjb3B5X3JlZwpfcmVjb25zdHJ1Y3RvcgpxA2NJbmRpYURlbnMubW9kZWxzCkN1c3RvbWVycwpxBGNfX2J1aWx0aW5fXwpvYmplY3QKcQVOh1JxBn1xByhVB3Byb2ZpbGVxCFgAAAAAVQhzdWJ0aXRsZXEJWAAAAABVCHBhcmVudGlkcQpOVQZfc3RhdGVxC2NkamFuZ28uZGIubW9kZWxzLmJhc2UKTW9kZWxTdGF0ZQpxDCmBcQ19cQ4oVQZhZGRpbmdxD4lVAmRicRBVB2RlZmF1bHRxEXViVQhrZXl3b3Jkc3ESWAAAAABVBGxvZ29xE1gAAAAAVQhsb2dpbnB3ZHEUWAcAAAB3ZWxjb21lVQllbWFpbGNvZGVxFVgiAAAAMThqbDZ4bXgxemVkeWszMms1aXJ1MDFkcGI5Y3VteTgwcVUFdGl0bGVxFlgAAAAAVQtpc2NvbmZpcm1lZHEXTlUMY3VzdG9tZXJ0eXBlcRhLAlULY29uZmlybWNvZGVxGVgAAAAAVQZjaXR5aWRxGktEVQtsb2NhdGlvbm1hcHEbWAAAAABVBWVtYWlscRxYFAAAAG11cnRoeUBpbmRpYWRlbnMuY29tVQlpc2RlbGV0ZWRxHU5VB3dlYnNpdGVxHlgAAAAAVQNmYXhxH1gAAAAAVQljb3VudHJ5aWRxIEsBVQtkZXNjcmlwdGlvbnEhWAAAAABVCWZpcnN0bmFtZXEiWAYAAABSYW1lc2hVB3N0YXRlaWRxI0sLVQhsYXN0bmFtZXEkWAcAAABOYW1iaWFyVRBkZWFsaW5nbG9jYXRpb25zcSVYAAAAAFUFcGhvbmVxJlgMAAAAOTE4MDk2ODA2MDg5VQdhZGRyZXNzcSdYCwAAAERMRiBQaGFzZS0xVQpjdXN0b21lcmlkcSiKARRVD2lzZW1haWx2ZXJpZmllZHEpTlUKbW9iaWxlY29kZXEqWAUAAAAxMDk5OVUQaXNtb2JpbGV2ZXJpZmllZHErTlUFZGVhbHNxLFgAAAAAVQl1cGRhdGVkYnlxLU51YnMu','2013-09-21 14:13:13'),('pf1k0rrjt8jkl1zx5qybwd9y44uoe71p','NWY4ZjlhZjM2YzBiODAzOWNmM2QyNzE5NzU5OTEyNTdlZTFiMWM3ZDqAAn1xAShVCEN1c3RvbWVyY2NvcHlfcmVnCl9yZWNvbnN0cnVjdG9yCnECY0luZGlhRGVucy5tb2RlbHMKQ3VzdG9tZXJzCnEDY19fYnVpbHRpbl9fCm9iamVjdApxBE6HUnEFfXEGKFUHcHJvZmlsZXEHWAAAAABVCHN1YnRpdGxlcQhYAAAAAFUIcGFyZW50aWRxCU5VBl9zdGF0ZXEKY2RqYW5nby5kYi5tb2RlbHMuYmFzZQpNb2RlbFN0YXRlCnELKYFxDH1xDShVBmFkZGluZ3EOiVUCZGJxD1UHZGVmYXVsdHViVQhrZXl3b3Jkc3EQWAAAAABVBGxvZ29xEVgAAAAAVQhsb2dpbnB3ZHESWAYAAAA1NzQ0NDhVCWVtYWlsY29kZXETWCIAAAAxNTFkeW8zd3kyNHN5dXlyY3YzbnZ5czYxMnl5OGpydmMxVQV0aXRsZXEUWAAAAABVC2lzY29uZmlybWVkcRVOVQxjdXN0b21lcnR5cGVxFk5VC2NvbmZpcm1jb2RlcRdYAAAAAFUGY2l0eWlkcRhLAlULbG9jYXRpb25tYXBxGVgAAAAAVQVlbWFpbHEaWBIAAABydGhha3VyQGdvb2dsZS5jb21VCWlzZGVsZXRlZHEbTlUHd2Vic2l0ZXEcWAAAAABVA2ZheHEdWAAAAABVCWNvdW50cnlpZHEeTlULZGVzY3JpcHRpb25xH1gAAAAAVQlmaXJzdG5hbWVxIFgFAAAAUmFodWxVB3N0YXRlaWRxIUsBVQhsYXN0bmFtZXEiWAYAAABUaGFrdXJVEGRlYWxpbmdsb2NhdGlvbnNxI1gAAAAAVQVwaG9uZXEkWAwAAAA5MTc4OTQ1NjEyMzBVB2FkZHJlc3NxJVgAAAAAVQpjdXN0b21lcmlkcSaKARBVD2lzZW1haWx2ZXJpZmllZHEnTlUKbW9iaWxlY29kZXEoWAUAAAAxMDY0N1UQaXNtb2JpbGV2ZXJpZmllZHEpTlUFZGVhbHNxKlgAAAAAVQl1cGRhdGVkYnlxK051YlUKcmFuZG9tY29kZXEsVQUxMDc3OGgXVQQ5NDc2dS4=','2013-09-16 11:34:22'),('q9h9kety459lwbfcntxau34egb253qp8','ZGNiMTg1N2JkYzRhNWRlMzM3YjdmN2MxZGI1Njk2NmZkYzAxZjExZDqAAn1xAVULY29uZmlybWNvZGVxAlUENDY0MnMu','2013-09-20 05:48:11'),('qazerk8fvy4ikbfketg05s6r55og7nmj','Y2IxOTcwZTAwYzNlNGVjYzhmMGMyNjg2ODhkYzI4ZWQzYzc3YTU3YjqAAn1xAVUIcHJvcHR5cGVLAXMu','2013-09-17 16:13:45'),('qdsxaerrt4ngsp43ttm4as22g4u6kfmz','ZjlmOTdjZjJjNWY4NmVmNGU3ZDMwYjhhMjkxNWIzNTQzZTI0ZGFjNDqAAn1xAShVCEN1c3RvbWVycQJjY29weV9yZWcKX3JlY29uc3RydWN0b3IKcQNjSW5kaWFEZW5zLm1vZGVscwpDdXN0b21lcnMKcQRjX19idWlsdGluX18Kb2JqZWN0CnEFTodScQZ9cQcoVQdwcm9maWxlcQhYAAAAAFUIc3VidGl0bGVxCVgAAAAAVQhwYXJlbnRpZHEKTlUGX3N0YXRlcQtjZGphbmdvLmRiLm1vZGVscy5iYXNlCk1vZGVsU3RhdGUKcQwpgXENfXEOKFUGYWRkaW5ncQ+JVQJkYnEQVQdkZWZhdWx0cRF1YlUIa2V5d29yZHNxElgAAAAAVQRsb2dvcRNYAAAAAFUIbG9naW5wd2RxFFgGAAAAMTQ2NTY4VQllbWFpbGNvZGVxFVgiAAAAMzFxZHN4YWVycnQ0bmdzcDQzdHRtNGFzMjJnNHU2a2ZtelUFdGl0bGVxFlgAAAAAVQtpc2NvbmZpcm1lZHEXTlUMY3VzdG9tZXJ0eXBlcRhLAVULY29uZmlybWNvZGVxGVgAAAAAVQZjaXR5aWRxGksDVQtsb2NhdGlvbm1hcHEbWAAAAABVBWVtYWlscRxYFQAAAG11cnRoeUBleHBlcnRzZGVuLmNvbVUJaXNkZWxldGVkcR1OVQd3ZWJzaXRlcR5YAAAAAFUDZmF4cR9YAAAAAFUJY291bnRyeWlkcSBOVQtkZXNjcmlwdGlvbnEhWAAAAABVCWZpcnN0bmFtZXEiWAYAAABNdXJ0aHlVB3N0YXRlaWRxI0sCVQhsYXN0bmFtZXEkWAsAAABQeWRpa29uZGFsYVUQZGVhbGluZ2xvY2F0aW9uc3ElWAAAAABVBXBob25lcSZYDAAAADkxODA5NjgwNjA4OVUHYWRkcmVzc3EnWAAAAABVCmN1c3RvbWVyaWRxKIoBIFUPaXNlbWFpbHZlcmlmaWVkcSlOVQptb2JpbGVjb2RlcSpYBQAAADEwNjc1VRBpc21vYmlsZXZlcmlmaWVkcStOVQVkZWFsc3EsWAAAAABVCXVwZGF0ZWRieXEtTnViVQhwcm9wdHlwZUsBVQtjb25maXJtY29kZVUENDU5M3Uu','2013-09-19 11:50:06'),('r2ojm957g6wupuoi99jwzjeosuyyvq7y','OTJiYWI3MTMzOTk1NmI4Yjg1MmVkNTFjNDM0NjZmYWEzZjc2OTNmZjqAAn1xAShVCnJhbmRvbWNvZGVVBTEwOTA3VQhDdXN0b21lcmNjb3B5X3JlZwpfcmVjb25zdHJ1Y3RvcgpxAmNJbmRpYURlbnMubW9kZWxzCkN1c3RvbWVycwpxA2NfX2J1aWx0aW5fXwpvYmplY3QKcQROh1JxBX1xBihVB3Byb2ZpbGVxB1gAAAAAVQhzdWJ0aXRsZXEIWAAAAABVCHBhcmVudGlkcQlOVQZfc3RhdGVxCmNkamFuZ28uZGIubW9kZWxzLmJhc2UKTW9kZWxTdGF0ZQpxCymBcQx9cQ0oVQZhZGRpbmdxDolVAmRicQ9VB2RlZmF1bHRxEHViVQhrZXl3b3Jkc3ERWAAAAABVBGxvZ29xElgAAAAAVQhsb2dpbnB3ZHETWAYAAAA1MDUwMTBVCWVtYWlsY29kZXEUWCIAAAAyNHIyb2ptOTU3ZzZ3dXB1b2k5OWp3emplb3N1eXl2cTd5VQV0aXRsZXEVWAAAAABVC2lzY29uZmlybWVkcRZOVQxjdXN0b21lcnR5cGVxF0sCVQtjb25maXJtY29kZXEYWAAAAABVBmNpdHlpZHEZSwlVC2xvY2F0aW9ubWFwcRpYAAAAAFUFZW1haWxxG1gQAAAAa2FtYWxwQHlhaG9vLmNvbVUJaXNkZWxldGVkcRxOVQd3ZWJzaXRlcR1YAAAAAFUDZmF4cR5YAAAAAFUJY291bnRyeWlkcR9OVQtkZXNjcmlwdGlvbnEgWAAAAABVCWZpcnN0bmFtZXEhWAUAAABLYW1hbFUHc3RhdGVpZHEiSwZVCGxhc3RuYW1lcSNYAQAAAFBVEGRlYWxpbmdsb2NhdGlvbnNxJFgAAAAAVQVwaG9uZXElWAwAAAA5MTg2Mzc0MjE1OTNVB2FkZHJlc3NxJlgAAAAAVQpjdXN0b21lcmlkcSeKARpVD2lzZW1haWx2ZXJpZmllZHEoTlUKbW9iaWxlY29kZXEpWAUAAAAxMDkwN1UQaXNtb2JpbGV2ZXJpZmllZHEqTlUFZGVhbHNxK1gAAAAAVQl1cGRhdGVkYnlxLE51YlULY29uZmlybWNvZGVVBDcwNTV1Lg==','2013-09-16 15:45:32'),('r7mvx2fdocaz0wdl5krrtjcxsc4kslvk','MTk2NGNjNjE3ZGM4NGQ4Yjc5ZGE3MDZmMDUxYTA0ODJjM2ZhY2VhZjqAAn1xAVUIQ3VzdG9tZXJxAmNjb3B5X3JlZwpfcmVjb25zdHJ1Y3RvcgpxA2NJbmRpYURlbnMubW9kZWxzCkN1c3RvbWVycwpxBGNfX2J1aWx0aW5fXwpvYmplY3QKcQVOh1JxBn1xByhVB3Byb2ZpbGVxCFgAAAAAVQhzdWJ0aXRsZXEJWAAAAABVCHBhcmVudGlkcQpOVQZfc3RhdGVxC2NkamFuZ28uZGIubW9kZWxzLmJhc2UKTW9kZWxTdGF0ZQpxDCmBcQ19cQ4oVQZhZGRpbmdxD4lVAmRicRBVB2RlZmF1bHRxEXViVQhrZXl3b3Jkc3ESWAAAAABVBGxvZ29xE1gAAAAAVQhsb2dpbnB3ZHEUWAYAAAA4NTk5NTRVCWVtYWlsY29kZXEVWCIAAAAzMG8zN2g2aHF3bWc3NTBzYWw5cTdjZXc5dzZ3ZWE2Y2pjVQV0aXRsZXEWWAAAAABVC2lzY29uZmlybWVkcRdOVQxjdXN0b21lcnR5cGVxGEsBVQtjb25maXJtY29kZXEZWAAAAABVBmNpdHlpZHEaSwJVC2xvY2F0aW9ubWFwcRtYAAAAAFUFZW1haWxxHFgRAAAAbWFuc2lhQGdvb2dsZS5jb21VCWlzZGVsZXRlZHEdTlUHd2Vic2l0ZXEeWAAAAABVA2ZheHEfWAAAAABVCWNvdW50cnlpZHEgTlULZGVzY3JpcHRpb25xIVgAAAAAVQlmaXJzdG5hbWVxIlgFAAAAbWFuc2lVB3N0YXRlaWRxI0sCVQhsYXN0bmFtZXEkWAEAAABBVRBkZWFsaW5nbG9jYXRpb25zcSVYAAAAAFUFcGhvbmVxJlgMAAAAOTE3NTM5NjMxMjM2VQdhZGRyZXNzcSdYAAAAAFUKY3VzdG9tZXJpZHEoigEfVQ9pc2VtYWlsdmVyaWZpZWRxKU5VCm1vYmlsZWNvZGVxKlgFAAAAMTA0MjJVEGlzbW9iaWxldmVyaWZpZWRxK05VBWRlYWxzcSxYAAAAAFUJdXBkYXRlZGJ5cS1OdWJzLg==','2013-09-19 11:30:55'),('ra5c8ss5js1n109ridkwm9riita1327c','YjBjNmVhNDRlYWI0ZTVkNzVmMGE3Zjc5ZWRmMDdjZjk2NTZkOWJiODqAAn1xAShVAklwcQJVDjIwMy4yMTcuMTQ1LjUwVQVTdGF0ZXEDWA4AAABBbmRocmEgUHJhZGVzaFUEQ2l0eXEEWAkAAABIeWRlcmFiYWR1Lg==','2013-09-06 09:04:12'),('rex6mzj71wpmeyu89ds234a7ppo8eio3','OWVhMmJkYjQ3YzVmZWVlYjA1Y2U3MTNiNjk2Y2RlMWUxMjVhNTVmNDqAAn1xAVUIQ3VzdG9tZXJxAmNjb3B5X3JlZwpfcmVjb25zdHJ1Y3RvcgpxA2NJbmRpYURlbnMubW9kZWxzCkN1c3RvbWVycwpxBGNfX2J1aWx0aW5fXwpvYmplY3QKcQVOh1JxBn1xByhVB3Byb2ZpbGVxCFgAAAAAVQhzdWJ0aXRsZXEJWAAAAABVCHBhcmVudGlkcQpOVQZfc3RhdGVxC2NkamFuZ28uZGIubW9kZWxzLmJhc2UKTW9kZWxTdGF0ZQpxDCmBcQ19cQ4oVQZhZGRpbmdxD4lVAmRicRBVB2RlZmF1bHRxEXViVQhrZXl3b3Jkc3ESWAAAAABVBGxvZ29xE1gAAAAAVQhsb2dpbnB3ZHEUWAcAAAB3ZWxjb21lVQllbWFpbGNvZGVxFVghAAAAMmtvMWh2MzRrd3d5anQ5cjUyb2ZyNHlhemk1Nm4xemh1VQV0aXRsZXEWWAAAAABVC2lzY29uZmlybWVkcRdOVQxjdXN0b21lcnR5cGVxGEsAVQtjb25maXJtY29kZXEZWAAAAABVBmNpdHlpZHEaSxpVC2xvY2F0aW9ubWFwcRtYAAAAAFUFZW1haWxxHFgTAAAAYXNob2tAaW5kaWFkZW5zLmNvbVUJaXNkZWxldGVkcR1OVQd3ZWJzaXRlcR5YAAAAAFUDZmF4cR9YAAAAAFUJY291bnRyeWlkcSBLAVULZGVzY3JpcHRpb25xIVgAAAAAVQlmaXJzdG5hbWVxIlgFAAAAYXNob2tVB3N0YXRlaWRxI0sBVQhsYXN0bmFtZXEkWAYAAABkaHVkbGFVEGRlYWxpbmdsb2NhdGlvbnNxJVgAAAAAVQVwaG9uZXEmWAwAAAA5MTk3MDQ3MTcwOTVVB2FkZHJlc3NxJ1gDAAAAa21yVQpjdXN0b21lcmlkcSiKAQNVD2lzZW1haWx2ZXJpZmllZHEpTlUKbW9iaWxlY29kZXEqWAUAAAAxMDk1NlUQaXNtb2JpbGV2ZXJpZmllZHErTlUFZGVhbHNxLFgAAAAAVQl1cGRhdGVkYnlxLU51YnMu','2013-09-20 06:20:30'),('rl606zvtmh6xrw05akkc4hpgvp2zuntf','MDE5NWQyNmM1NGVmNGRhNTIzMjNmODVhMDdjZmQxZWRhNTczYjRkYTqAAn1xAShVCEN1c3RvbWVyY2NvcHlfcmVnCl9yZWNvbnN0cnVjdG9yCnECY0luZGlhRGVucy5tb2RlbHMKQ3VzdG9tZXJzCnEDY19fYnVpbHRpbl9fCm9iamVjdApxBE6HUnEFfXEGKFUHcHJvZmlsZXEHWAAAAABVCHN1YnRpdGxlcQhYAAAAAFUIcGFyZW50aWRxCU5VBl9zdGF0ZXEKY2RqYW5nby5kYi5tb2RlbHMuYmFzZQpNb2RlbFN0YXRlCnELKYFxDH1xDShVBmFkZGluZ3EOiVUCZGJxD1UHZGVmYXVsdHViVQhrZXl3b3Jkc3EQWAAAAABVBGxvZ29xEVgAAAAAVQhsb2dpbnB3ZHESWAYAAAA5NjYxMjZVCWVtYWlsY29kZXETWCEAAAAzbTI5MXhwYzkxcnV6dzBiM2Rvc3pqYjF4NGkzcHdjejVVBXRpdGxlcRRYAAAAAFULaXNjb25maXJtZWRxFU5VDGN1c3RvbWVydHlwZXEWTlULY29uZmlybWNvZGVxF1gAAAAAVQZjaXR5aWRxGEsDVQtsb2NhdGlvbm1hcHEZWAAAAABVBWVtYWlscRpYFQAAAG11cnRoeUBleHBlcnRzZGVuLmNvbVUJaXNkZWxldGVkcRtOVQd3ZWJzaXRlcRxYAAAAAFUDZmF4cR1YAAAAAFUJY291bnRyeWlkcR5OVQtkZXNjcmlwdGlvbnEfWAAAAABVCWZpcnN0bmFtZXEgWAYAAABNdXJ0aHlVB3N0YXRlaWRxIUsBVQhsYXN0bmFtZXEiWAsAAABQeWRpa29uZGFsYVUQZGVhbGluZ2xvY2F0aW9uc3EjWAAAAABVBXBob25lcSRYDAAAADkxOTg0ODA3NzkwMVUHYWRkcmVzc3ElWAAAAABVCmN1c3RvbWVyaWRxJooBBFUPaXNlbWFpbHZlcmlmaWVkcSdOVQptb2JpbGVjb2RlcShYBQAAADEwODE0VRBpc21vYmlsZXZlcmlmaWVkcSlOVQVkZWFsc3EqWAAAAABVCXVwZGF0ZWRieXErTnViVQpyYW5kb21jb2RlcSxVBTEwODQyaBdVBDYzMjh1Lg==','2013-09-16 05:50:01'),('rqv7qvxnwq7o3sv9y3afrz93a6hytahs','MGQ3ZDhkYjJhNDIyMTQwNDZmZTRlOTA3ZDYyZWYzYTVhMGVjZDU3YTqAAn1xAS4=','2013-09-18 10:05:57'),('rxsl3euxalgtj5nc3vjl8ayntzvvsnus','MGQ3ZDhkYjJhNDIyMTQwNDZmZTRlOTA3ZDYyZWYzYTVhMGVjZDU3YTqAAn1xAS4=','2013-09-06 10:41:19'),('s3pvobpnc4ettmxoz64s3g5ltmca6slr','YjgyZmI1MGJlY2I3ZDFmYTQ3OGE5YjAyY2Q3OTBlMTk3ZGE5OGIyMjqAAn1xAVUIQ3VzdG9tZXJjY29weV9yZWcKX3JlY29uc3RydWN0b3IKcQJjSW5kaWFEZW5zLm1vZGVscwpDdXN0b21lcnMKcQNjX19idWlsdGluX18Kb2JqZWN0CnEETodScQV9cQYoVQdwcm9maWxlcQdYAAAAAFUIc3VidGl0bGVxCFgAAAAAVQhwYXJlbnRpZHEJTlUGX3N0YXRlcQpjZGphbmdvLmRiLm1vZGVscy5iYXNlCk1vZGVsU3RhdGUKcQspgXEMfXENKFUGYWRkaW5ncQ6JVQJkYnEPVQdkZWZhdWx0dWJVCGtleXdvcmRzcRBYAAAAAFUEbG9nb3ERWAAAAABVCGxvZ2lucHdkcRJYBwAAAHdlbGNvbWVVCWVtYWlsY29kZXETWCEAAAAya28xaHYzNGt3d3lqdDlyNTJvZnI0eWF6aTU2bjF6aHVVBXRpdGxlcRRYAAAAAFULaXNjb25maXJtZWRxFU5VDGN1c3RvbWVydHlwZXEWSwBVC2NvbmZpcm1jb2RlcRdYAAAAAFUGY2l0eWlkcRhLGlULbG9jYXRpb25tYXBxGVgAAAAAVQVlbWFpbHEaWBMAAABhc2hva0BpbmRpYWRlbnMuY29tVQlpc2RlbGV0ZWRxG05VB3dlYnNpdGVxHFgAAAAAVQNmYXhxHVgAAAAAVQljb3VudHJ5aWRxHksBVQtkZXNjcmlwdGlvbnEfWAAAAABVCWZpcnN0bmFtZXEgWAUAAABhc2hva1UHc3RhdGVpZHEhSwFVCGxhc3RuYW1lcSJYBgAAAGRodWRsYVUQZGVhbGluZ2xvY2F0aW9uc3EjWAAAAABVBXBob25lcSRYDAAAADkxOTcwNDcxNzA5NVUHYWRkcmVzc3ElWAMAAABrbXJVCmN1c3RvbWVyaWRxJooBA1UPaXNlbWFpbHZlcmlmaWVkcSdOVQptb2JpbGVjb2RlcShYBQAAADEwOTU2VRBpc21vYmlsZXZlcmlmaWVkcSlOVQVkZWFsc3EqWAAAAABVCXVwZGF0ZWRieXErTnVicy4=','2013-09-20 11:07:47'),('sgpsdtklsk94lg7i5cjxfn2010q4dxpp','MGQ3ZDhkYjJhNDIyMTQwNDZmZTRlOTA3ZDYyZWYzYTVhMGVjZDU3YTqAAn1xAS4=','2013-09-16 07:30:41'),('squrrj6ub34jmpqilqbabb7u7z5j1tii','MGQ3ZDhkYjJhNDIyMTQwNDZmZTRlOTA3ZDYyZWYzYTVhMGVjZDU3YTqAAn1xAS4=','2013-09-20 13:21:21'),('svvbcds8e6d7xzh2u9w8s8wpuf24ooku','YjgyZmI1MGJlY2I3ZDFmYTQ3OGE5YjAyY2Q3OTBlMTk3ZGE5OGIyMjqAAn1xAVUIQ3VzdG9tZXJjY29weV9yZWcKX3JlY29uc3RydWN0b3IKcQJjSW5kaWFEZW5zLm1vZGVscwpDdXN0b21lcnMKcQNjX19idWlsdGluX18Kb2JqZWN0CnEETodScQV9cQYoVQdwcm9maWxlcQdYAAAAAFUIc3VidGl0bGVxCFgAAAAAVQhwYXJlbnRpZHEJTlUGX3N0YXRlcQpjZGphbmdvLmRiLm1vZGVscy5iYXNlCk1vZGVsU3RhdGUKcQspgXEMfXENKFUGYWRkaW5ncQ6JVQJkYnEPVQdkZWZhdWx0dWJVCGtleXdvcmRzcRBYAAAAAFUEbG9nb3ERWAAAAABVCGxvZ2lucHdkcRJYBwAAAHdlbGNvbWVVCWVtYWlsY29kZXETWCEAAAAya28xaHYzNGt3d3lqdDlyNTJvZnI0eWF6aTU2bjF6aHVVBXRpdGxlcRRYAAAAAFULaXNjb25maXJtZWRxFU5VDGN1c3RvbWVydHlwZXEWSwBVC2NvbmZpcm1jb2RlcRdYAAAAAFUGY2l0eWlkcRhLGlULbG9jYXRpb25tYXBxGVgAAAAAVQVlbWFpbHEaWBMAAABhc2hva0BpbmRpYWRlbnMuY29tVQlpc2RlbGV0ZWRxG05VB3dlYnNpdGVxHFgAAAAAVQNmYXhxHVgAAAAAVQljb3VudHJ5aWRxHksBVQtkZXNjcmlwdGlvbnEfWAAAAABVCWZpcnN0bmFtZXEgWAUAAABhc2hva1UHc3RhdGVpZHEhSwFVCGxhc3RuYW1lcSJYBgAAAGRodWRsYVUQZGVhbGluZ2xvY2F0aW9uc3EjWAAAAABVBXBob25lcSRYDAAAADkxOTcwNDcxNzA5NVUHYWRkcmVzc3ElWAMAAABrbXJVCmN1c3RvbWVyaWRxJooBA1UPaXNlbWFpbHZlcmlmaWVkcSdOVQptb2JpbGVjb2RlcShYBQAAADEwOTU2VRBpc21vYmlsZXZlcmlmaWVkcSlOVQVkZWFsc3EqWAAAAABVCXVwZGF0ZWRieXErTnVicy4=','2013-09-19 06:50:20'),('t3prklyza8x3eur3w3f70izut9ibjrsf','YjgyZmI1MGJlY2I3ZDFmYTQ3OGE5YjAyY2Q3OTBlMTk3ZGE5OGIyMjqAAn1xAVUIQ3VzdG9tZXJjY29weV9yZWcKX3JlY29uc3RydWN0b3IKcQJjSW5kaWFEZW5zLm1vZGVscwpDdXN0b21lcnMKcQNjX19idWlsdGluX18Kb2JqZWN0CnEETodScQV9cQYoVQdwcm9maWxlcQdYAAAAAFUIc3VidGl0bGVxCFgAAAAAVQhwYXJlbnRpZHEJTlUGX3N0YXRlcQpjZGphbmdvLmRiLm1vZGVscy5iYXNlCk1vZGVsU3RhdGUKcQspgXEMfXENKFUGYWRkaW5ncQ6JVQJkYnEPVQdkZWZhdWx0dWJVCGtleXdvcmRzcRBYAAAAAFUEbG9nb3ERWAAAAABVCGxvZ2lucHdkcRJYBwAAAHdlbGNvbWVVCWVtYWlsY29kZXETWCEAAAAya28xaHYzNGt3d3lqdDlyNTJvZnI0eWF6aTU2bjF6aHVVBXRpdGxlcRRYAAAAAFULaXNjb25maXJtZWRxFU5VDGN1c3RvbWVydHlwZXEWSwBVC2NvbmZpcm1jb2RlcRdYAAAAAFUGY2l0eWlkcRhLGlULbG9jYXRpb25tYXBxGVgAAAAAVQVlbWFpbHEaWBMAAABhc2hva0BpbmRpYWRlbnMuY29tVQlpc2RlbGV0ZWRxG05VB3dlYnNpdGVxHFgAAAAAVQNmYXhxHVgAAAAAVQljb3VudHJ5aWRxHksBVQtkZXNjcmlwdGlvbnEfWAAAAABVCWZpcnN0bmFtZXEgWAUAAABhc2hva1UHc3RhdGVpZHEhSwFVCGxhc3RuYW1lcSJYBgAAAGRodWRsYVUQZGVhbGluZ2xvY2F0aW9uc3EjWAAAAABVBXBob25lcSRYDAAAADkxOTcwNDcxNzA5NVUHYWRkcmVzc3ElWAMAAABrbXJVCmN1c3RvbWVyaWRxJooBA1UPaXNlbWFpbHZlcmlmaWVkcSdOVQptb2JpbGVjb2RlcShYBQAAADEwOTU2VRBpc21vYmlsZXZlcmlmaWVkcSlOVQVkZWFsc3EqWAAAAABVCXVwZGF0ZWRieXErTnVicy4=','2013-09-17 08:44:56'),('taf93owc607aclqth2588gwbmwliyud2','YzU1YTFiNGRmOWMxN2ZiYTgzMDc2ZmM4NTc2ZmEyZDdlOTM0MzA5OTqAAn1xAShVCEN1c3RvbWVycQJjY29weV9yZWcKX3JlY29uc3RydWN0b3IKcQNjSW5kaWFEZW5zLm1vZGVscwpDdXN0b21lcnMKcQRjX19idWlsdGluX18Kb2JqZWN0CnEFTodScQZ9cQcoVQdwcm9maWxlcQhYCQAAAHBlcm1hbmVudFUIc3VidGl0bGVxCVgHAAAAc2FkZ3NhZ1UIcGFyZW50aWRxCk5VBl9zdGF0ZXELY2RqYW5nby5kYi5tb2RlbHMuYmFzZQpNb2RlbFN0YXRlCnEMKYFxDX1xDihVBmFkZGluZ3EPiVUCZGJxEFUHZGVmYXVsdHERdWJVCGtleXdvcmRzcRJYAAAAAFUEbG9nb3ETWA4AAABDdXN0b21lci0yLmpwZ1UIbG9naW5wd2RxFFgHAAAAd2VsY29tZVUJZW1haWxjb2RlcRVYIQAAADE0ZW5venlhbWRmcTlvZ2VtZGN3dHdwcHYyZXBsYWloc1UFdGl0bGVxFlgNAAAARSBTZXZhIENlbnRlclULaXNjb25maXJtZWRxF05VDGN1c3RvbWVydHlwZXEYSwNVC2NvbmZpcm1jb2RlcRlYAAAAAFUGY2l0eWlkcRpLA1ULbG9jYXRpb25tYXBxG1gAAAAAVQVlbWFpbHEcWBIAAAB2ZW51QGluZGlhZGVucy5jb21VCWlzZGVsZXRlZHEdTlUHd2Vic2l0ZXEeWBEAAAB3d3cuaW5kaWFkZW5zLmNvbVUDZmF4cR9YCwAAADA0MC02NTY2NTUyVQljb3VudHJ5aWRxIEsBVQtkZXNjcmlwdGlvbnEhWAMAAABibGFVCWZpcnN0bmFtZXEiWAkAAAB2ZW51Z29wYWxVB3N0YXRlaWRxI0sCVQhsYXN0bmFtZXEkWAkAAAB2b3JhZ2FudGlVEGRlYWxpbmdsb2NhdGlvbnNxJVgEAAAAYmxhIFUFcGhvbmVxJlgMAAAAOTE4ODg1NjYyMjIzVQdhZGRyZXNzcSdYCAAAAEJlZ3VtcGV0VQpjdXN0b21lcmlkcSiKAQJVD2lzZW1haWx2ZXJpZmllZHEpSwFVCm1vYmlsZWNvZGVxKlgFAAAAMTAyNTJVEGlzbW9iaWxldmVyaWZpZWRxK05VBWRlYWxzcSxYAwAAAG5vb1UJdXBkYXRlZGJ5cS1OdWJVCHByb3B0eXBlSwF1Lg==','2013-09-20 10:57:50'),('tq4jmxsobw0pcavptlygg4cj4cttfdgq','ZTcyY2YwY2U3ZGNkYzNlNDE4OGUzYWJhZmJmZWQ3ZTFhY2ViNDQ3NzqAAn1xAVUIQ3VzdG9tZXJjY29weV9yZWcKX3JlY29uc3RydWN0b3IKcQJjSW5kaWFEZW5zLm1vZGVscwpDdXN0b21lcnMKcQNjX19idWlsdGluX18Kb2JqZWN0CnEETodScQV9cQYoVQdwcm9maWxlcQdYAAAAAFUIc3VidGl0bGVxCFgAAAAAVQhwYXJlbnRpZHEJTlUGX3N0YXRlcQpjZGphbmdvLmRiLm1vZGVscy5iYXNlCk1vZGVsU3RhdGUKcQspgXEMfXENKFUGYWRkaW5ncQ6JVQJkYnEPVQdkZWZhdWx0dWJVCGtleXdvcmRzcRBYAAAAAFUEbG9nb3ERWAAAAABVCGxvZ2lucHdkcRJYBwAAAHdlbGNvbWVVCWVtYWlsY29kZXETWCIAAAAzMXFkc3hhZXJydDRuZ3NwNDN0dG00YXMyMmc0dTZrZm16VQV0aXRsZXEUWAAAAABVC2lzY29uZmlybWVkcRVOVQxjdXN0b21lcnR5cGVxFksBVQtjb25maXJtY29kZXEXWAAAAABVBmNpdHlpZHEYSwNVC2xvY2F0aW9ubWFwcRlYAAAAAFUFZW1haWxxGlgVAAAAbXVydGh5QGV4cGVydHNkZW4uY29tVQlpc2RlbGV0ZWRxG05VB3dlYnNpdGVxHFgAAAAAVQNmYXhxHVgAAAAAVQljb3VudHJ5aWRxHk5VC2Rlc2NyaXB0aW9ucR9YAAAAAFUJZmlyc3RuYW1lcSBYBgAAAE11cnRoeVUHc3RhdGVpZHEhSwJVCGxhc3RuYW1lcSJYCwAAAFB5ZGlrb25kYWxhVRBkZWFsaW5nbG9jYXRpb25zcSNYAAAAAFUFcGhvbmVxJFgMAAAAOTE4MDk2ODA2MDg5VQdhZGRyZXNzcSVYAAAAAFUKY3VzdG9tZXJpZHEmigEgVQ9pc2VtYWlsdmVyaWZpZWRxJ05VCm1vYmlsZWNvZGVxKFgFAAAAMTA2NzVVEGlzbW9iaWxldmVyaWZpZWRxKU5VBWRlYWxzcSpYAAAAAFUJdXBkYXRlZGJ5cStOdWJzLg==','2013-09-20 14:49:46'),('undb7qdjnd3wxskddqyxcrrmm9dcu52l','OWVhMmJkYjQ3YzVmZWVlYjA1Y2U3MTNiNjk2Y2RlMWUxMjVhNTVmNDqAAn1xAVUIQ3VzdG9tZXJxAmNjb3B5X3JlZwpfcmVjb25zdHJ1Y3RvcgpxA2NJbmRpYURlbnMubW9kZWxzCkN1c3RvbWVycwpxBGNfX2J1aWx0aW5fXwpvYmplY3QKcQVOh1JxBn1xByhVB3Byb2ZpbGVxCFgAAAAAVQhzdWJ0aXRsZXEJWAAAAABVCHBhcmVudGlkcQpOVQZfc3RhdGVxC2NkamFuZ28uZGIubW9kZWxzLmJhc2UKTW9kZWxTdGF0ZQpxDCmBcQ19cQ4oVQZhZGRpbmdxD4lVAmRicRBVB2RlZmF1bHRxEXViVQhrZXl3b3Jkc3ESWAAAAABVBGxvZ29xE1gAAAAAVQhsb2dpbnB3ZHEUWAcAAAB3ZWxjb21lVQllbWFpbGNvZGVxFVghAAAAMmtvMWh2MzRrd3d5anQ5cjUyb2ZyNHlhemk1Nm4xemh1VQV0aXRsZXEWWAAAAABVC2lzY29uZmlybWVkcRdOVQxjdXN0b21lcnR5cGVxGEsAVQtjb25maXJtY29kZXEZWAAAAABVBmNpdHlpZHEaSxpVC2xvY2F0aW9ubWFwcRtYAAAAAFUFZW1haWxxHFgTAAAAYXNob2tAaW5kaWFkZW5zLmNvbVUJaXNkZWxldGVkcR1OVQd3ZWJzaXRlcR5YAAAAAFUDZmF4cR9YAAAAAFUJY291bnRyeWlkcSBLAVULZGVzY3JpcHRpb25xIVgAAAAAVQlmaXJzdG5hbWVxIlgFAAAAYXNob2tVB3N0YXRlaWRxI0sBVQhsYXN0bmFtZXEkWAYAAABkaHVkbGFVEGRlYWxpbmdsb2NhdGlvbnNxJVgAAAAAVQVwaG9uZXEmWAwAAAA5MTk3MDQ3MTcwOTVVB2FkZHJlc3NxJ1gDAAAAa21yVQpjdXN0b21lcmlkcSiKAQNVD2lzZW1haWx2ZXJpZmllZHEpTlUKbW9iaWxlY29kZXEqWAUAAAAxMDk1NlUQaXNtb2JpbGV2ZXJpZmllZHErTlUFZGVhbHNxLFgAAAAAVQl1cGRhdGVkYnlxLU51YnMu','2013-09-20 09:14:45'),('ury8ow9uvy6h8xs60l8rm39j1sfflclk','ODMxM2M1YjU1MTM3OTRjYTBjOGYyMzlhNGJkZGEyYjkzN2I2MTYxODqAAn1xAVUIQ3VzdG9tZXJxAmNjb3B5X3JlZwpfcmVjb25zdHJ1Y3RvcgpxA2NJbmRpYURlbnMubW9kZWxzCkN1c3RvbWVycwpxBGNfX2J1aWx0aW5fXwpvYmplY3QKcQVOh1JxBn1xByhVB3Byb2ZpbGVxCFgAAAAAVQhzdWJ0aXRsZXEJWAAAAABVCHBhcmVudGlkcQpOVQZfc3RhdGVxC2NkamFuZ28uZGIubW9kZWxzLmJhc2UKTW9kZWxTdGF0ZQpxDCmBcQ19cQ4oVQZhZGRpbmdxD4lVAmRicRBVB2RlZmF1bHRxEXViVQhrZXl3b3Jkc3ESWAAAAABVBGxvZ29xE1gAAAAAVQhsb2dpbnB3ZHEUWAcAAAB3ZWxjb21lVQllbWFpbGNvZGVxFVgiAAAAMThqbDZ4bXgxemVkeWszMms1aXJ1MDFkcGI5Y3VteTgwcVUFdGl0bGVxFlgAAAAAVQtpc2NvbmZpcm1lZHEXTlUMY3VzdG9tZXJ0eXBlcRhLAlULY29uZmlybWNvZGVxGVgAAAAAVQZjaXR5aWRxGktEVQtsb2NhdGlvbm1hcHEbWAAAAABVBWVtYWlscRxYFAAAAG11cnRoeUBpbmRpYWRlbnMuY29tVQlpc2RlbGV0ZWRxHU5VB3dlYnNpdGVxHlgAAAAAVQNmYXhxH1gAAAAAVQljb3VudHJ5aWRxIEsBVQtkZXNjcmlwdGlvbnEhWAAAAABVCWZpcnN0bmFtZXEiWAYAAABSYW1lc2hVB3N0YXRlaWRxI0sLVQhsYXN0bmFtZXEkWAcAAABOYW1iaWFyVRBkZWFsaW5nbG9jYXRpb25zcSVYAAAAAFUFcGhvbmVxJlgMAAAAOTE4MDk2ODA2MDg5VQdhZGRyZXNzcSdYCwAAAERMRiBQaGFzZS0xVQpjdXN0b21lcmlkcSiKARRVD2lzZW1haWx2ZXJpZmllZHEpTlUKbW9iaWxlY29kZXEqWAUAAAAxMDk5OVUQaXNtb2JpbGV2ZXJpZmllZHErTlUFZGVhbHNxLFgAAAAAVQl1cGRhdGVkYnlxLU51YnMu','2013-09-21 13:52:29'),('uvn0s2u9tc5mdq3atahykcb373gp90qz','Mzc1MDQ3NmNlZDllYjQ1YWYwMDI2ZDRkN2Y2ZmZhNzBhMjdkZDAwYTqAAn1xAShVCEN1c3RvbWVycQJjY29weV9yZWcKX3JlY29uc3RydWN0b3IKcQNjSW5kaWFEZW5zLm1vZGVscwpDdXN0b21lcnMKcQRjX19idWlsdGluX18Kb2JqZWN0CnEFTodScQZ9cQcoVQdwcm9maWxlcQhYAAAAAFUIc3VidGl0bGVxCVgAAAAAVQhwYXJlbnRpZHEKTlUGX3N0YXRlcQtjZGphbmdvLmRiLm1vZGVscy5iYXNlCk1vZGVsU3RhdGUKcQwpgXENfXEOKFUGYWRkaW5ncQ+JVQJkYnEQVQdkZWZhdWx0cRF1YlUIa2V5d29yZHNxElgAAAAAVQRsb2dvcRNYAAAAAFUIbG9naW5wd2RxFFgGAAAANzM2Njc5VQllbWFpbGNvZGVxFVgiAAAAMjF3aXc4emo2cjk2MzM2eG05MzhuZnJqZDZiNW91c2NnM1UFdGl0bGVxFlgAAAAAVQtpc2NvbmZpcm1lZHEXTlUMY3VzdG9tZXJ0eXBlcRhLAlULY29uZmlybWNvZGVxGVgAAAAAVQZjaXR5aWRxGktEVQtsb2NhdGlvbm1hcHEbWAAAAABVBWVtYWlscRxYFQAAAG11cnRoeUBleHBlcnRzZGVuLmNvbVUJaXNkZWxldGVkcR1OVQd3ZWJzaXRlcR5YAAAAAFUDZmF4cR9YAAAAAFUJY291bnRyeWlkcSBOVQtkZXNjcmlwdGlvbnEhWAAAAABVCWZpcnN0bmFtZXEiWAYAAABNdXJ0aHlVB3N0YXRlaWRxI0sKVQhsYXN0bmFtZXEkWAsAAABQeWRpa29uZGFsYVUQZGVhbGluZ2xvY2F0aW9uc3ElWAAAAABVBXBob25lcSZYDAAAADkxODA5NjgwNjA4OVUHYWRkcmVzc3EnWAAAAABVCmN1c3RvbWVyaWRxKIoBFlUPaXNlbWFpbHZlcmlmaWVkcSlOVQptb2JpbGVjb2RlcSpYBQAAADEwOTcyVRBpc21vYmlsZXZlcmlmaWVkcStOVQVkZWFsc3EsWAAAAABVCXVwZGF0ZWRieXEtTnViVQtjb25maXJtY29kZVUENjI0MHUu','2013-09-17 12:18:18'),('vfeozu4a1wro4yl7du48mtbqqjt4lmy0','ZGNmMjU4MTJlYWE0Y2NjNDQ4NDZkNDdlYjgyMTRjMDIyMzk3YWMyZTqAAn1xAVUIQ3VzdG9tZXJxAmNjb3B5X3JlZwpfcmVjb25zdHJ1Y3RvcgpxA2NJbmRpYURlbnMubW9kZWxzCkN1c3RvbWVycwpxBGNfX2J1aWx0aW5fXwpvYmplY3QKcQVOh1JxBn1xByhVB3Byb2ZpbGVxCFgJAAAAcGVybWFuZW50VQhzdWJ0aXRsZXEJWAYAAABzZGZzZGZVCHBhcmVudGlkcQpOVQZfc3RhdGVxC2NkamFuZ28uZGIubW9kZWxzLmJhc2UKTW9kZWxTdGF0ZQpxDCmBcQ19cQ4oVQZhZGRpbmdxD4lVAmRicRBVB2RlZmF1bHRxEXViVQhrZXl3b3Jkc3ESWAAAAABVBGxvZ29xE1gOAAAAQ3VzdG9tZXItMi5wbmdVCGxvZ2lucHdkcRRYBwAAAHdlbGNvbWVVCWVtYWlsY29kZXEVWCEAAAAxNGVub3p5YW1kZnE5b2dlbWRjd3R3cHB2MmVwbGFpaHNVBXRpdGxlcRZYBgAAAHNkZnNkZlULaXNjb25maXJtZWRxF05VDGN1c3RvbWVydHlwZXEYSwJVC2NvbmZpcm1jb2RlcRlYAAAAAFUGY2l0eWlkcRpLAlULbG9jYXRpb25tYXBxG1gAAAAAVQVlbWFpbHEcWBIAAAB2ZW51QGluZGlhZGVucy5jb21VCWlzZGVsZXRlZHEdTlUHd2Vic2l0ZXEeWBEAAAB3d3cuaW5kaWFkZW5zLmNvbVUDZmF4cR9YCwAAADA0MC02NTY2NTUyVQljb3VudHJ5aWRxIEsBVQtkZXNjcmlwdGlvbnEhWAMAAABibGFVCWZpcnN0bmFtZXEiWAkAAAB2ZW51Z29wYWxVB3N0YXRlaWRxI0sCVQhsYXN0bmFtZXEkWAkAAAB2b3JhZ2FudGlVEGRlYWxpbmdsb2NhdGlvbnNxJVgEAAAAYmxhIFUFcGhvbmVxJlgMAAAAOTE4ODg1NjYyMjIzVQdhZGRyZXNzcSdYCAAAAEJlZ3VtcGV0VQpjdXN0b21lcmlkcSiKAQJVD2lzZW1haWx2ZXJpZmllZHEpSwFVCm1vYmlsZWNvZGVxKlgFAAAAMTAyNTJVEGlzbW9iaWxldmVyaWZpZWRxK05VBWRlYWxzcSxYAwAAAG5vb1UJdXBkYXRlZGJ5cS1OdWJzLg==','2013-09-20 11:44:30');
INSERT INTO `django_session` VALUES ('w64hneeav9qarji7n5hesqxjqf3j2n8o','OWVhMmJkYjQ3YzVmZWVlYjA1Y2U3MTNiNjk2Y2RlMWUxMjVhNTVmNDqAAn1xAVUIQ3VzdG9tZXJxAmNjb3B5X3JlZwpfcmVjb25zdHJ1Y3RvcgpxA2NJbmRpYURlbnMubW9kZWxzCkN1c3RvbWVycwpxBGNfX2J1aWx0aW5fXwpvYmplY3QKcQVOh1JxBn1xByhVB3Byb2ZpbGVxCFgAAAAAVQhzdWJ0aXRsZXEJWAAAAABVCHBhcmVudGlkcQpOVQZfc3RhdGVxC2NkamFuZ28uZGIubW9kZWxzLmJhc2UKTW9kZWxTdGF0ZQpxDCmBcQ19cQ4oVQZhZGRpbmdxD4lVAmRicRBVB2RlZmF1bHRxEXViVQhrZXl3b3Jkc3ESWAAAAABVBGxvZ29xE1gAAAAAVQhsb2dpbnB3ZHEUWAcAAAB3ZWxjb21lVQllbWFpbGNvZGVxFVghAAAAMmtvMWh2MzRrd3d5anQ5cjUyb2ZyNHlhemk1Nm4xemh1VQV0aXRsZXEWWAAAAABVC2lzY29uZmlybWVkcRdOVQxjdXN0b21lcnR5cGVxGEsAVQtjb25maXJtY29kZXEZWAAAAABVBmNpdHlpZHEaSxpVC2xvY2F0aW9ubWFwcRtYAAAAAFUFZW1haWxxHFgTAAAAYXNob2tAaW5kaWFkZW5zLmNvbVUJaXNkZWxldGVkcR1OVQd3ZWJzaXRlcR5YAAAAAFUDZmF4cR9YAAAAAFUJY291bnRyeWlkcSBLAVULZGVzY3JpcHRpb25xIVgAAAAAVQlmaXJzdG5hbWVxIlgFAAAAYXNob2tVB3N0YXRlaWRxI0sBVQhsYXN0bmFtZXEkWAYAAABkaHVkbGFVEGRlYWxpbmdsb2NhdGlvbnNxJVgAAAAAVQVwaG9uZXEmWAwAAAA5MTk3MDQ3MTcwOTVVB2FkZHJlc3NxJ1gDAAAAa21yVQpjdXN0b21lcmlkcSiKAQNVD2lzZW1haWx2ZXJpZmllZHEpTlUKbW9iaWxlY29kZXEqWAUAAAAxMDk1NlUQaXNtb2JpbGV2ZXJpZmllZHErTlUFZGVhbHNxLFgAAAAAVQl1cGRhdGVkYnlxLU51YnMu','2013-09-19 07:53:28'),('w7bfcycja3m9nunvmqo49h70v05z5e6j','YjgyZmI1MGJlY2I3ZDFmYTQ3OGE5YjAyY2Q3OTBlMTk3ZGE5OGIyMjqAAn1xAVUIQ3VzdG9tZXJjY29weV9yZWcKX3JlY29uc3RydWN0b3IKcQJjSW5kaWFEZW5zLm1vZGVscwpDdXN0b21lcnMKcQNjX19idWlsdGluX18Kb2JqZWN0CnEETodScQV9cQYoVQdwcm9maWxlcQdYAAAAAFUIc3VidGl0bGVxCFgAAAAAVQhwYXJlbnRpZHEJTlUGX3N0YXRlcQpjZGphbmdvLmRiLm1vZGVscy5iYXNlCk1vZGVsU3RhdGUKcQspgXEMfXENKFUGYWRkaW5ncQ6JVQJkYnEPVQdkZWZhdWx0dWJVCGtleXdvcmRzcRBYAAAAAFUEbG9nb3ERWAAAAABVCGxvZ2lucHdkcRJYBwAAAHdlbGNvbWVVCWVtYWlsY29kZXETWCEAAAAya28xaHYzNGt3d3lqdDlyNTJvZnI0eWF6aTU2bjF6aHVVBXRpdGxlcRRYAAAAAFULaXNjb25maXJtZWRxFU5VDGN1c3RvbWVydHlwZXEWSwBVC2NvbmZpcm1jb2RlcRdYAAAAAFUGY2l0eWlkcRhLGlULbG9jYXRpb25tYXBxGVgAAAAAVQVlbWFpbHEaWBMAAABhc2hva0BpbmRpYWRlbnMuY29tVQlpc2RlbGV0ZWRxG05VB3dlYnNpdGVxHFgAAAAAVQNmYXhxHVgAAAAAVQljb3VudHJ5aWRxHksBVQtkZXNjcmlwdGlvbnEfWAAAAABVCWZpcnN0bmFtZXEgWAUAAABhc2hva1UHc3RhdGVpZHEhSwFVCGxhc3RuYW1lcSJYBgAAAGRodWRsYVUQZGVhbGluZ2xvY2F0aW9uc3EjWAAAAABVBXBob25lcSRYDAAAADkxOTcwNDcxNzA5NVUHYWRkcmVzc3ElWAMAAABrbXJVCmN1c3RvbWVyaWRxJooBA1UPaXNlbWFpbHZlcmlmaWVkcSdOVQptb2JpbGVjb2RlcShYBQAAADEwOTU2VRBpc21vYmlsZXZlcmlmaWVkcSlOVQVkZWFsc3EqWAAAAABVCXVwZGF0ZWRieXErTnVicy4=','2013-09-17 08:08:32'),('wd8brgnps8s2vvsixp0ak9wthfszqwaz','YjgyZmI1MGJlY2I3ZDFmYTQ3OGE5YjAyY2Q3OTBlMTk3ZGE5OGIyMjqAAn1xAVUIQ3VzdG9tZXJjY29weV9yZWcKX3JlY29uc3RydWN0b3IKcQJjSW5kaWFEZW5zLm1vZGVscwpDdXN0b21lcnMKcQNjX19idWlsdGluX18Kb2JqZWN0CnEETodScQV9cQYoVQdwcm9maWxlcQdYAAAAAFUIc3VidGl0bGVxCFgAAAAAVQhwYXJlbnRpZHEJTlUGX3N0YXRlcQpjZGphbmdvLmRiLm1vZGVscy5iYXNlCk1vZGVsU3RhdGUKcQspgXEMfXENKFUGYWRkaW5ncQ6JVQJkYnEPVQdkZWZhdWx0dWJVCGtleXdvcmRzcRBYAAAAAFUEbG9nb3ERWAAAAABVCGxvZ2lucHdkcRJYBwAAAHdlbGNvbWVVCWVtYWlsY29kZXETWCEAAAAya28xaHYzNGt3d3lqdDlyNTJvZnI0eWF6aTU2bjF6aHVVBXRpdGxlcRRYAAAAAFULaXNjb25maXJtZWRxFU5VDGN1c3RvbWVydHlwZXEWSwBVC2NvbmZpcm1jb2RlcRdYAAAAAFUGY2l0eWlkcRhLGlULbG9jYXRpb25tYXBxGVgAAAAAVQVlbWFpbHEaWBMAAABhc2hva0BpbmRpYWRlbnMuY29tVQlpc2RlbGV0ZWRxG05VB3dlYnNpdGVxHFgAAAAAVQNmYXhxHVgAAAAAVQljb3VudHJ5aWRxHksBVQtkZXNjcmlwdGlvbnEfWAAAAABVCWZpcnN0bmFtZXEgWAUAAABhc2hva1UHc3RhdGVpZHEhSwFVCGxhc3RuYW1lcSJYBgAAAGRodWRsYVUQZGVhbGluZ2xvY2F0aW9uc3EjWAAAAABVBXBob25lcSRYDAAAADkxOTcwNDcxNzA5NVUHYWRkcmVzc3ElWAMAAABrbXJVCmN1c3RvbWVyaWRxJooBA1UPaXNlbWFpbHZlcmlmaWVkcSdOVQptb2JpbGVjb2RlcShYBQAAADEwOTU2VRBpc21vYmlsZXZlcmlmaWVkcSlOVQVkZWFsc3EqWAAAAABVCXVwZGF0ZWRieXErTnVicy4=','2013-09-20 08:32:23'),('wiw8zj6r96336xm938nfrjd6b5ouscg3','NmFlMDhiNDM5MzA2Mzk1OTE5NDFlODliZGQ1Mzk5ZWQ5MDZkNTdmOTqAAn1xAVUIQ3VzdG9tZXJjY29weV9yZWcKX3JlY29uc3RydWN0b3IKcQJjSW5kaWFEZW5zLm1vZGVscwpDdXN0b21lcnMKcQNjX19idWlsdGluX18Kb2JqZWN0CnEETodScQV9cQYoVQdwcm9maWxlcQdYAAAAAFUIc3VidGl0bGVxCFgAAAAAVQhwYXJlbnRpZHEJTlUGX3N0YXRlcQpjZGphbmdvLmRiLm1vZGVscy5iYXNlCk1vZGVsU3RhdGUKcQspgXEMfXENKFUGYWRkaW5ncQ6JVQJkYnEPVQdkZWZhdWx0dWJVCGtleXdvcmRzcRBYAAAAAFUEbG9nb3ERWAAAAABVCGxvZ2lucHdkcRJYBgAAADg2NDc5M1UJZW1haWxjb2RlcRNYIgAAADE4amw2eG14MXplZHlrMzJrNWlydTAxZHBiOWN1bXk4MHFVBXRpdGxlcRRYAAAAAFULaXNjb25maXJtZWRxFU5VDGN1c3RvbWVydHlwZXEWSwJVC2NvbmZpcm1jb2RlcRdYAAAAAFUGY2l0eWlkcRhLRFULbG9jYXRpb25tYXBxGVgAAAAAVQVlbWFpbHEaWBQAAABtdXJ0aHlAaW5kaWFkZW5zLmNvbVUJaXNkZWxldGVkcRtOVQd3ZWJzaXRlcRxYAAAAAFUDZmF4cR1YAAAAAFUJY291bnRyeWlkcR5OVQtkZXNjcmlwdGlvbnEfWAAAAABVCWZpcnN0bmFtZXEgWAYAAABNdXJ0aHlVB3N0YXRlaWRxIUsKVQhsYXN0bmFtZXEiWAsAAABQeWRpa29uZGFsYVUQZGVhbGluZ2xvY2F0aW9uc3EjWAAAAABVBXBob25lcSRYDAAAADkxODA5NjgwNjA4OVUHYWRkcmVzc3ElWAAAAABVCmN1c3RvbWVyaWRxJooBFFUPaXNlbWFpbHZlcmlmaWVkcSdOVQptb2JpbGVjb2RlcShYBQAAADEwOTk5VRBpc21vYmlsZXZlcmlmaWVkcSlOVQVkZWFsc3EqWAAAAABVCXVwZGF0ZWRieXErTnVicy4=','2013-09-16 15:33:04'),('wmczi8t0c68jzoc7ck0ywhsxeo9s2pjn','YjgyZmI1MGJlY2I3ZDFmYTQ3OGE5YjAyY2Q3OTBlMTk3ZGE5OGIyMjqAAn1xAVUIQ3VzdG9tZXJjY29weV9yZWcKX3JlY29uc3RydWN0b3IKcQJjSW5kaWFEZW5zLm1vZGVscwpDdXN0b21lcnMKcQNjX19idWlsdGluX18Kb2JqZWN0CnEETodScQV9cQYoVQdwcm9maWxlcQdYAAAAAFUIc3VidGl0bGVxCFgAAAAAVQhwYXJlbnRpZHEJTlUGX3N0YXRlcQpjZGphbmdvLmRiLm1vZGVscy5iYXNlCk1vZGVsU3RhdGUKcQspgXEMfXENKFUGYWRkaW5ncQ6JVQJkYnEPVQdkZWZhdWx0dWJVCGtleXdvcmRzcRBYAAAAAFUEbG9nb3ERWAAAAABVCGxvZ2lucHdkcRJYBwAAAHdlbGNvbWVVCWVtYWlsY29kZXETWCEAAAAya28xaHYzNGt3d3lqdDlyNTJvZnI0eWF6aTU2bjF6aHVVBXRpdGxlcRRYAAAAAFULaXNjb25maXJtZWRxFU5VDGN1c3RvbWVydHlwZXEWSwBVC2NvbmZpcm1jb2RlcRdYAAAAAFUGY2l0eWlkcRhLGlULbG9jYXRpb25tYXBxGVgAAAAAVQVlbWFpbHEaWBMAAABhc2hva0BpbmRpYWRlbnMuY29tVQlpc2RlbGV0ZWRxG05VB3dlYnNpdGVxHFgAAAAAVQNmYXhxHVgAAAAAVQljb3VudHJ5aWRxHksBVQtkZXNjcmlwdGlvbnEfWAAAAABVCWZpcnN0bmFtZXEgWAUAAABhc2hva1UHc3RhdGVpZHEhSwFVCGxhc3RuYW1lcSJYBgAAAGRodWRsYVUQZGVhbGluZ2xvY2F0aW9uc3EjWAAAAABVBXBob25lcSRYDAAAADkxOTcwNDcxNzA5NVUHYWRkcmVzc3ElWAMAAABrbXJVCmN1c3RvbWVyaWRxJooBA1UPaXNlbWFpbHZlcmlmaWVkcSdOVQptb2JpbGVjb2RlcShYBQAAADEwOTU2VRBpc21vYmlsZXZlcmlmaWVkcSlOVQVkZWFsc3EqWAAAAABVCXVwZGF0ZWRieXErTnVicy4=','2013-09-18 11:08:16'),('wnhgm9mfoyskj7rcub4ji5d5opn6jt9s','ZjJlZDg5MmUzYzc3ZmE3YTE3NzY1NDc0NjAwOTY0ZDUzZTljNDZiODqAAn1xAVUEVXNlcnECY2NvcHlfcmVnCl9yZWNvbnN0cnVjdG9yCnEDY0luZGlhRGVucy5tb2RlbHMKRW1wbG95ZWVzCnEEY19fYnVpbHRpbl9fCm9iamVjdApxBU6HUnEGfXEHKFUHZW1haWxpZHEIWBIAAAB2ZW51QGluZGlhZGVucy5jb21VBGNpdHlxCVgJAAAASHlkZXJhYmFkVRBidXNpbmVzc2NhdGVnb3J5cQpOVQplbXBsb3llZWlkcQuKAQJVCWZpcnN0bmFtZXEMWAkAAAB2ZW51Z29wYWxVCGJyYW5jaGlkcQ1OVQhsYXN0bmFtZXEOWAkAAAB2b3JhZ2FudGlVBXRpdGxlcQ9YAAAAAFUGX3N0YXRlcRBjZGphbmdvLmRiLm1vZGVscy5iYXNlCk1vZGVsU3RhdGUKcREpgXESfXETKFUGYWRkaW5ncRSJVQJkYnEVVQdkZWZhdWx0cRZ1YlULZGVzaWduYXRpb25xF1gAAAAAVQljb250YWN0bm9xGFgKAAAAODg4NTY2MjIyM1ULY29uZmlybWNvZGVxGVgAAAAAVQRyb2xlcRpYAQAAAFNVCGlzYWN0aXZlcRtVAQBVB3N0YXRlaWRxHEsCVQdhZGRyZXNzcR1YDAAAAFByYWthc2huYWdhclUMYnVzaW5lc3NpbmZvcR5YAAAAAFUHY291bnRyeXEfTlUIbG9naW5wd2RxIFgHAAAAd2VsY29tZVUFcGhvdG9xIVgjAAAAc3RhdGljL0xpc3RpbmdJbWFnZXMvRW1wbG95ZWUtMi5qcGd1YnMu','2013-09-18 13:05:11'),('wqmqdyhhfurcnb1en1fu0w1pu36v9z55','MzcyNzMzYzRjNWIzMmQ1ZTQ4OTIyMTg0YjRhMDA4MTdjOWFjYWJjNzqAAn1xAVUIQ3VzdG9tZXJxAmNjb3B5X3JlZwpfcmVjb25zdHJ1Y3RvcgpxA2NJbmRpYURlbnMubW9kZWxzCkN1c3RvbWVycwpxBGNfX2J1aWx0aW5fXwpvYmplY3QKcQVOh1JxBn1xByhVB3Byb2ZpbGVxCFgAAAAAVQhzdWJ0aXRsZXEJWAAAAABVCHBhcmVudGlkcQpOVQZfc3RhdGVxC2NkamFuZ28uZGIubW9kZWxzLmJhc2UKTW9kZWxTdGF0ZQpxDCmBcQ19cQ4oVQZhZGRpbmdxD4lVAmRicRBVB2RlZmF1bHRxEXViVQhrZXl3b3Jkc3ESWAAAAABVBGxvZ29xE1gAAAAAVQhsb2dpbnB3ZHEUWAcAAAB3ZWxjb21lVQllbWFpbGNvZGVxFVgiAAAAMThqbDZ4bXgxemVkeWszMms1aXJ1MDFkcGI5Y3VteTgwcVUFdGl0bGVxFlgAAAAAVQtpc2NvbmZpcm1lZHEXTlUMY3VzdG9tZXJ0eXBlcRhLAlULY29uZmlybWNvZGVxGVgAAAAAVQZjaXR5aWRxGktEVQtsb2NhdGlvbm1hcHEbWAAAAABVBWVtYWlscRxYFAAAAG11cnRoeUBpbmRpYWRlbnMuY29tVQlpc2RlbGV0ZWRxHU5VB3dlYnNpdGVxHlgAAAAAVQNmYXhxH1gAAAAAVQljb3VudHJ5aWRxIEsBVQtkZXNjcmlwdGlvbnEhWAAAAABVCWZpcnN0bmFtZXEiWAYAAABNdXJ0aHlVB3N0YXRlaWRxI0sLVQhsYXN0bmFtZXEkWAsAAABQeWRpa29uZGFsYVUQZGVhbGluZ2xvY2F0aW9uc3ElWAAAAABVBXBob25lcSZYDAAAADkxODA5NjgwNjA4OVUHYWRkcmVzc3EnWAsAAABETEYgUGhhc2UtMVUKY3VzdG9tZXJpZHEoigEUVQ9pc2VtYWlsdmVyaWZpZWRxKU5VCm1vYmlsZWNvZGVxKlgFAAAAMTA5OTlVEGlzbW9iaWxldmVyaWZpZWRxK05VBWRlYWxzcSxYAAAAAFUJdXBkYXRlZGJ5cS1OdWJzLg==','2013-09-20 06:53:38'),('xccdsr552vcogbpmbg34lipy0owzpv2r','Mjg0NzM4NzAxMjM4Y2JmMTY3NzAxODMzZjk1NzZlMjY1MzRiMTQ0YzqAAn1xAShVCEN1c3RvbWVycQJjY29weV9yZWcKX3JlY29uc3RydWN0b3IKcQNjSW5kaWFEZW5zLm1vZGVscwpDdXN0b21lcnMKcQRjX19idWlsdGluX18Kb2JqZWN0CnEFTodScQZ9cQcoVQdwcm9maWxlcQhYAAAAAFUIc3VidGl0bGVxCVgAAAAAVQhwYXJlbnRpZHEKTlUGX3N0YXRlcQtjZGphbmdvLmRiLm1vZGVscy5iYXNlCk1vZGVsU3RhdGUKcQwpgXENfXEOKFUGYWRkaW5ncQ+JVQJkYnEQVQdkZWZhdWx0cRF1YlUIa2V5d29yZHNxElgAAAAAVQRsb2dvcRNYAAAAAFUIbG9naW5wd2RxFFgGAAAAODY0NzkzVQllbWFpbGNvZGVxFVgiAAAAMThqbDZ4bXgxemVkeWszMms1aXJ1MDFkcGI5Y3VteTgwcVUFdGl0bGVxFlgAAAAAVQtpc2NvbmZpcm1lZHEXTlUMY3VzdG9tZXJ0eXBlcRhLAlULY29uZmlybWNvZGVxGVgAAAAAVQZjaXR5aWRxGktEVQtsb2NhdGlvbm1hcHEbWAAAAABVBWVtYWlscRxYFAAAAG11cnRoeUBpbmRpYWRlbnMuY29tVQlpc2RlbGV0ZWRxHU5VB3dlYnNpdGVxHlgAAAAAVQNmYXhxH1gAAAAAVQljb3VudHJ5aWRxIE5VC2Rlc2NyaXB0aW9ucSFYAAAAAFUJZmlyc3RuYW1lcSJYBgAAAE11cnRoeVUHc3RhdGVpZHEjSwpVCGxhc3RuYW1lcSRYCwAAAFB5ZGlrb25kYWxhVRBkZWFsaW5nbG9jYXRpb25zcSVYAAAAAFUFcGhvbmVxJlgMAAAAOTE4MDk2ODA2MDg5VQdhZGRyZXNzcSdYAAAAAFUKY3VzdG9tZXJpZHEoigEUVQ9pc2VtYWlsdmVyaWZpZWRxKU5VCm1vYmlsZWNvZGVxKlgFAAAAMTA5OTlVEGlzbW9iaWxldmVyaWZpZWRxK05VBWRlYWxzcSxYAAAAAFUJdXBkYXRlZGJ5cS1OdWJVCHByb3B0eXBlSwF1Lg==','2013-09-17 06:04:09'),('xgpfmg6hg72gmacr3c1ebtg8aqjt49lk','NGI5YTQ0ODczNmQ1MjA4Y2RkN2ZiYzBmMmM0YTRiYjhhZGZkYWY2MzqAAn1xAVUEVXNlcmNjb3B5X3JlZwpfcmVjb25zdHJ1Y3RvcgpxAmNJbmRpYURlbnMubW9kZWxzCkVtcGxveWVlcwpxA2NfX2J1aWx0aW5fXwpvYmplY3QKcQROh1JxBX1xBihVB2VtYWlsaWRxB1gSAAAAdmVudUBpbmRpYWRlbnMuY29tVQRjaXR5cQhYCQAAAEh5ZGVyYWJhZFUQYnVzaW5lc3NjYXRlZ29yeXEJTlUKZW1wbG95ZWVpZHEKigECVQlmaXJzdG5hbWVxC1gJAAAAdmVudWdvcGFsVQhicmFuY2hpZHEMTlUIbGFzdG5hbWVxDVgJAAAAdm9yYWdhbnRpVQV0aXRsZXEOWAAAAABVBl9zdGF0ZXEPY2RqYW5nby5kYi5tb2RlbHMuYmFzZQpNb2RlbFN0YXRlCnEQKYFxEX1xEihVBmFkZGluZ3ETiVUCZGJxFFUHZGVmYXVsdHViVQtkZXNpZ25hdGlvbnEVWAAAAABVCWNvbnRhY3Rub3EWWAoAAAA4ODg1NjYyMjIzVQtjb25maXJtY29kZXEXWAAAAABVBHJvbGVxGFgBAAAAU1UIaXNhY3RpdmVxGVUBAFUHc3RhdGVpZHEaSwJVB2FkZHJlc3NxG1gMAAAAUHJha2FzaG5hZ2FyVQxidXNpbmVzc2luZm9xHFgAAAAAVQdjb3VudHJ5cR1OVQhsb2dpbnB3ZHEeWAcAAAB3ZWxjb21lVQVwaG90b3EfWCMAAABzdGF0aWMvTGlzdGluZ0ltYWdlcy9FbXBsb3llZS0yLmpwZ3Vicy4=','2013-09-19 08:03:53'),('xsehs3up9vq3trofe57y9pnj1s6f651q','ZjJlZDg5MmUzYzc3ZmE3YTE3NzY1NDc0NjAwOTY0ZDUzZTljNDZiODqAAn1xAVUEVXNlcnECY2NvcHlfcmVnCl9yZWNvbnN0cnVjdG9yCnEDY0luZGlhRGVucy5tb2RlbHMKRW1wbG95ZWVzCnEEY19fYnVpbHRpbl9fCm9iamVjdApxBU6HUnEGfXEHKFUHZW1haWxpZHEIWBIAAAB2ZW51QGluZGlhZGVucy5jb21VBGNpdHlxCVgJAAAASHlkZXJhYmFkVRBidXNpbmVzc2NhdGVnb3J5cQpOVQplbXBsb3llZWlkcQuKAQJVCWZpcnN0bmFtZXEMWAkAAAB2ZW51Z29wYWxVCGJyYW5jaGlkcQ1OVQhsYXN0bmFtZXEOWAkAAAB2b3JhZ2FudGlVBXRpdGxlcQ9YAAAAAFUGX3N0YXRlcRBjZGphbmdvLmRiLm1vZGVscy5iYXNlCk1vZGVsU3RhdGUKcREpgXESfXETKFUGYWRkaW5ncRSJVQJkYnEVVQdkZWZhdWx0cRZ1YlULZGVzaWduYXRpb25xF1gAAAAAVQljb250YWN0bm9xGFgKAAAAODg4NTY2MjIyM1ULY29uZmlybWNvZGVxGVgAAAAAVQRyb2xlcRpYAQAAAFNVCGlzYWN0aXZlcRtVAQBVB3N0YXRlaWRxHEsCVQdhZGRyZXNzcR1YDAAAAFByYWthc2huYWdhclUMYnVzaW5lc3NpbmZvcR5YAAAAAFUHY291bnRyeXEfTlUIbG9naW5wd2RxIFgHAAAAd2VsY29tZVUFcGhvdG9xIVgjAAAAc3RhdGljL0xpc3RpbmdJbWFnZXMvRW1wbG95ZWUtMi5qcGd1YnMu','2013-09-19 11:48:24'),('xukn1tmiwdr20xodqdk2sw6934fb4nvk','YTFiODI5ZDA4OWRkYzVhMTExZTFjZjVkYzBkN2U5ZGU5ZDA5ODFkZTqAAn1xAVUEVXNlcnECY2NvcHlfcmVnCl9yZWNvbnN0cnVjdG9yCnEDY0luZGlhRGVucy5tb2RlbHMKRW1wbG95ZWVzCnEEY19fYnVpbHRpbl9fCm9iamVjdApxBU6HUnEGfXEHKFUHZW1haWxpZHEIWBMAAABhZG1pbkBpbmRpYWRlbnMuY29tVQRjaXR5cQlYCQAAAEh5ZGVyYWJhZFUQYnVzaW5lc3NjYXRlZ29yeXEKTlUKZW1wbG95ZWVpZHELigEBVQlmaXJzdG5hbWVxDFgFAAAAQWRtaW5VCGJyYW5jaGlkcQ1OVQhsYXN0bmFtZXEOWAkAAABJbmRpYWRlbnNVBXRpdGxlcQ9YAAAAAFUGX3N0YXRlcRBjZGphbmdvLmRiLm1vZGVscy5iYXNlCk1vZGVsU3RhdGUKcREpgXESfXETKFUGYWRkaW5ncRSJVQJkYnEVVQdkZWZhdWx0cRZ1YlULZGVzaWduYXRpb25xF1gAAAAAVQljb250YWN0bm9xGFgAAAAAVQtjb25maXJtY29kZXEZWAAAAABVBHJvbGVxGlgBAAAAQVUIaXNhY3RpdmVxG1UBAFUHc3RhdGVpZHEcTlUHYWRkcmVzc3EdWAoAAABNYWRpbmFndWRhVQxidXNpbmVzc2luZm9xHlgAAAAAVQdjb3VudHJ5cR9OVQhsb2dpbnB3ZHEgWAcAAAB3ZWxjb21lVQVwaG90b3EhWAAAAAB1YnMu','2013-09-06 11:21:10'),('xvfoxw86y365wkwhmpftao5elycangkd','YmQ0NmQ3OGUwZGRhYjhlNjc2NjMyMzM5YjBkZjEyYjg5OWZiZTA2ZDqAAn1xAVUEVXNlcmNjb3B5X3JlZwpfcmVjb25zdHJ1Y3RvcgpxAmNJbmRpYURlbnMubW9kZWxzCkVtcGxveWVlcwpxA2NfX2J1aWx0aW5fXwpvYmplY3QKcQROh1JxBX1xBihVB2VtYWlsaWRxB1gTAAAAYWRtaW5AaW5kaWFkZW5zLmNvbVUEY2l0eXEIWAkAAABIeWRlcmFiYWRVEGJ1c2luZXNzY2F0ZWdvcnlxCU5VCmVtcGxveWVlaWRxCooBAVUJZmlyc3RuYW1lcQtYBQAAAEFkbWluVQhicmFuY2hpZHEMTlUIbGFzdG5hbWVxDVgJAAAASW5kaWFkZW5zVQV0aXRsZXEOWAAAAABVBl9zdGF0ZXEPY2RqYW5nby5kYi5tb2RlbHMuYmFzZQpNb2RlbFN0YXRlCnEQKYFxEX1xEihVBmFkZGluZ3ETiVUCZGJxFFUHZGVmYXVsdHViVQtkZXNpZ25hdGlvbnEVWAAAAABVCWNvbnRhY3Rub3EWWAAAAABVC2NvbmZpcm1jb2RlcRdYAAAAAFUEcm9sZXEYWAEAAABBVQhpc2FjdGl2ZXEZVQEAVQdzdGF0ZWlkcRpOVQdhZGRyZXNzcRtYCgAAAE1hZGluYWd1ZGFVDGJ1c2luZXNzaW5mb3EcWAAAAABVB2NvdW50cnlxHU5VCGxvZ2lucHdkcR5YBwAAAHdlbGNvbWVVBXBob3RvcR9YAAAAAHVicy4=','2013-09-18 07:08:23'),('y3bcny9jdds5nzcdv4ov04d6fv6nfa3b','Y2IxOTcwZTAwYzNlNGVjYzhmMGMyNjg2ODhkYzI4ZWQzYzc3YTU3YjqAAn1xAVUIcHJvcHR5cGVLAXMu','2013-09-19 12:03:23'),('yeketwz77pp8uyrkfll5sqzokxv0kq0m','Y2IxOTcwZTAwYzNlNGVjYzhmMGMyNjg2ODhkYzI4ZWQzYzc3YTU3YjqAAn1xAVUIcHJvcHR5cGVLAXMu','2013-09-20 14:14:56'),('yyers1ne5di99bt5rply83pa89vakxgs','MGQ3ZDhkYjJhNDIyMTQwNDZmZTRlOTA3ZDYyZWYzYTVhMGVjZDU3YTqAAn1xAS4=','2013-09-19 12:13:02'),('yyol5pk3xosl5tv2qaohmklr7pynh9ta','Nzc4OTY3MzJjMWI4NjQwMDE1ZDFkNGJmNDNmNzc5Zjc2YmI5ZTkzNDqAAn1xAShVCEN1c3RvbWVyY2NvcHlfcmVnCl9yZWNvbnN0cnVjdG9yCnECY0luZGlhRGVucy5tb2RlbHMKQ3VzdG9tZXJzCnEDY19fYnVpbHRpbl9fCm9iamVjdApxBE6HUnEFfXEGKFUHcHJvZmlsZXEHWAAAAABVCHN1YnRpdGxlcQhYAAAAAFUIcGFyZW50aWRxCU5VBl9zdGF0ZXEKY2RqYW5nby5kYi5tb2RlbHMuYmFzZQpNb2RlbFN0YXRlCnELKYFxDH1xDShVBmFkZGluZ3EOiVUCZGJxD1UHZGVmYXVsdHViVQhrZXl3b3Jkc3EQWAAAAABVBGxvZ29xEVgAAAAAVQhsb2dpbnB3ZHESWAcAAAB3ZWxjb21lVQllbWFpbGNvZGVxE1giAAAAMTJybDYwNnp2dG1oNnhydzA1YWtrYzRocGd2cDJ6dW50ZlUFdGl0bGVxFFgAAAAAVQtpc2NvbmZpcm1lZHEVTlUMY3VzdG9tZXJ0eXBlcRZOVQtjb25maXJtY29kZXEXWAAAAABVBmNpdHlpZHEYSwNVC2xvY2F0aW9ubWFwcRlYAAAAAFUFZW1haWxxGlgUAAAAbXVydGh5QGluZGlhZGVucy5jb21VCWlzZGVsZXRlZHEbTlUHd2Vic2l0ZXEcWAAAAABVA2ZheHEdWAAAAABVCWNvdW50cnlpZHEeTlULZGVzY3JpcHRpb25xH1gAAAAAVQlmaXJzdG5hbWVxIFgAAAAAVQdzdGF0ZWlkcSFLAVUIbGFzdG5hbWVxIlgLAAAAUHlkaWtvbmRhbGFVEGRlYWxpbmdsb2NhdGlvbnNxI1gAAAAAVQVwaG9uZXEkWAwAAAA5MTgwOTY4MDYwODlVB2FkZHJlc3NxJVgAAAAAVQpjdXN0b21lcmlkcSaKAQ1VD2lzZW1haWx2ZXJpZmllZHEnTlUKbW9iaWxlY29kZXEoWAUAAAAxMDg0MlUQaXNtb2JpbGV2ZXJpZmllZHEpSwFVBWRlYWxzcSpYAAAAAFUJdXBkYXRlZGJ5cStOdWJVCnJhbmRvbWNvZGVxLFUFMTAxNDNoF1UENTUyMXUu','2013-09-16 09:04:33'),('z1p33rq60e22ll24tc4xbwrqferk8ost','NTNkYTVlYmUyMTAxYjhkNjBiMWFkYWYwZTYwOGU4MzVjODlmOWI1YzqAAn1xAVUIQ3VzdG9tZXJjY29weV9yZWcKX3JlY29uc3RydWN0b3IKcQJjSW5kaWFEZW5zLm1vZGVscwpDdXN0b21lcnMKcQNjX19idWlsdGluX18Kb2JqZWN0CnEETodScQV9cQYoVQdwcm9maWxlcQdYAAAAAFUIc3VidGl0bGVxCFgAAAAAVQhwYXJlbnRpZHEJTlUGX3N0YXRlcQpjZGphbmdvLmRiLm1vZGVscy5iYXNlCk1vZGVsU3RhdGUKcQspgXEMfXENKFUGYWRkaW5ncQ6JVQJkYnEPVQdkZWZhdWx0cRB1YlUIa2V5d29yZHNxEVgAAAAAVQRsb2dvcRJYAAAAAFUIbG9naW5wd2RxE1gHAAAAd2VsY29tZVUJZW1haWxjb2RlcRRYIgAAADEycmw2MDZ6dnRtaDZ4cncwNWFra2M0aHBndnAyenVudGZVBXRpdGxlcRVYAAAAAFULaXNjb25maXJtZWRxFk5VDGN1c3RvbWVydHlwZXEXTlULY29uZmlybWNvZGVxGFgAAAAAVQZjaXR5aWRxGUsDVQtsb2NhdGlvbm1hcHEaWAAAAABVBWVtYWlscRtYFAAAAG11cnRoeUBpbmRpYWRlbnMuY29tVQlpc2RlbGV0ZWRxHE5VB3dlYnNpdGVxHVgAAAAAVQNmYXhxHlgAAAAAVQljb3VudHJ5aWRxH05VC2Rlc2NyaXB0aW9ucSBYAAAAAFUJZmlyc3RuYW1lcSFYAAAAAFUHc3RhdGVpZHEiSwFVCGxhc3RuYW1lcSNYCwAAAFB5ZGlrb25kYWxhVRBkZWFsaW5nbG9jYXRpb25zcSRYAAAAAFUFcGhvbmVxJVgMAAAAOTE4MDk2ODA2MDg5VQdhZGRyZXNzcSZYAAAAAFUKY3VzdG9tZXJpZHEnigENVQ9pc2VtYWlsdmVyaWZpZWRxKE5VCm1vYmlsZWNvZGVxKVgFAAAAMTA4NDJVEGlzbW9iaWxldmVyaWZpZWRxKksBVQVkZWFsc3ErWAAAAABVCXVwZGF0ZWRieXEsTnVicy4=','2013-09-16 08:40:11'),('z1xe7uwx1kthjc5t6ljakfivaxjznc57','ZWQxNjIxODkwZGZlOWQyZDI2MDc3MmJiZmI0MDY1ZjM2NmQxNzdkMDqAAn1xAShVCEN1c3RvbWVycQJjY29weV9yZWcKX3JlY29uc3RydWN0b3IKcQNjSW5kaWFEZW5zLm1vZGVscwpDdXN0b21lcnMKcQRjX19idWlsdGluX18Kb2JqZWN0CnEFTodScQZ9cQcoVQdwcm9maWxlcQhYAAAAAFUIc3VidGl0bGVxCVgAAAAAVQhwYXJlbnRpZHEKTlUGX3N0YXRlcQtjZGphbmdvLmRiLm1vZGVscy5iYXNlCk1vZGVsU3RhdGUKcQwpgXENfXEOKFUGYWRkaW5ncQ+JVQJkYnEQVQdkZWZhdWx0cRF1YlUIa2V5d29yZHNxElgAAAAAVQRsb2dvcRNYAAAAAFUIbG9naW5wd2RxFFgGAAAAODY0NzkzVQllbWFpbGNvZGVxFVgiAAAAMThqbDZ4bXgxemVkeWszMms1aXJ1MDFkcGI5Y3VteTgwcVUFdGl0bGVxFlgAAAAAVQtpc2NvbmZpcm1lZHEXTlUMY3VzdG9tZXJ0eXBlcRhLAlULY29uZmlybWNvZGVxGVgAAAAAVQZjaXR5aWRxGktEVQtsb2NhdGlvbm1hcHEbWAAAAABVBWVtYWlscRxYFAAAAG11cnRoeUBpbmRpYWRlbnMuY29tVQlpc2RlbGV0ZWRxHU5VB3dlYnNpdGVxHlgAAAAAVQNmYXhxH1gAAAAAVQljb3VudHJ5aWRxIEsBVQtkZXNjcmlwdGlvbnEhWAAAAABVCWZpcnN0bmFtZXEiWAYAAABNdXJ0aHlVB3N0YXRlaWRxI0sLVQhsYXN0bmFtZXEkWAsAAABQeWRpa29uZGFsYVUQZGVhbGluZ2xvY2F0aW9uc3ElWAAAAABVBXBob25lcSZYDAAAADkxODA5NjgwNjA4OVUHYWRkcmVzc3EnWAsAAABETEYgUGhhc2UtMVUKY3VzdG9tZXJpZHEoigEUVQ9pc2VtYWlsdmVyaWZpZWRxKU5VCm1vYmlsZWNvZGVxKlgFAAAAMTA5OTlVEGlzbW9iaWxldmVyaWZpZWRxK05VBWRlYWxzcSxYAAAAAFUJdXBkYXRlZGJ5cS1OdWJVC2NvbmZpcm1jb2RlVQQ3NjQ1dS4=','2013-09-17 13:23:17'),('zeq4kk5l67akx98u6cllf4dj6s334bg9','OWVhMmJkYjQ3YzVmZWVlYjA1Y2U3MTNiNjk2Y2RlMWUxMjVhNTVmNDqAAn1xAVUIQ3VzdG9tZXJxAmNjb3B5X3JlZwpfcmVjb25zdHJ1Y3RvcgpxA2NJbmRpYURlbnMubW9kZWxzCkN1c3RvbWVycwpxBGNfX2J1aWx0aW5fXwpvYmplY3QKcQVOh1JxBn1xByhVB3Byb2ZpbGVxCFgAAAAAVQhzdWJ0aXRsZXEJWAAAAABVCHBhcmVudGlkcQpOVQZfc3RhdGVxC2NkamFuZ28uZGIubW9kZWxzLmJhc2UKTW9kZWxTdGF0ZQpxDCmBcQ19cQ4oVQZhZGRpbmdxD4lVAmRicRBVB2RlZmF1bHRxEXViVQhrZXl3b3Jkc3ESWAAAAABVBGxvZ29xE1gAAAAAVQhsb2dpbnB3ZHEUWAcAAAB3ZWxjb21lVQllbWFpbGNvZGVxFVghAAAAMmtvMWh2MzRrd3d5anQ5cjUyb2ZyNHlhemk1Nm4xemh1VQV0aXRsZXEWWAAAAABVC2lzY29uZmlybWVkcRdOVQxjdXN0b21lcnR5cGVxGEsAVQtjb25maXJtY29kZXEZWAAAAABVBmNpdHlpZHEaSxpVC2xvY2F0aW9ubWFwcRtYAAAAAFUFZW1haWxxHFgTAAAAYXNob2tAaW5kaWFkZW5zLmNvbVUJaXNkZWxldGVkcR1OVQd3ZWJzaXRlcR5YAAAAAFUDZmF4cR9YAAAAAFUJY291bnRyeWlkcSBLAVULZGVzY3JpcHRpb25xIVgAAAAAVQlmaXJzdG5hbWVxIlgFAAAAYXNob2tVB3N0YXRlaWRxI0sBVQhsYXN0bmFtZXEkWAYAAABkaHVkbGFVEGRlYWxpbmdsb2NhdGlvbnNxJVgAAAAAVQVwaG9uZXEmWAwAAAA5MTk3MDQ3MTcwOTVVB2FkZHJlc3NxJ1gDAAAAa21yVQpjdXN0b21lcmlkcSiKAQNVD2lzZW1haWx2ZXJpZmllZHEpTlUKbW9iaWxlY29kZXEqWAUAAAAxMDk1NlUQaXNtb2JpbGV2ZXJpZmllZHErTlUFZGVhbHNxLFgAAAAAVQl1cGRhdGVkYnlxLU51YnMu','2013-09-19 11:40:48'),('zgkyjdmvairt0ekt6aqvqiftlkzg6fwk','YjgyZmI1MGJlY2I3ZDFmYTQ3OGE5YjAyY2Q3OTBlMTk3ZGE5OGIyMjqAAn1xAVUIQ3VzdG9tZXJjY29weV9yZWcKX3JlY29uc3RydWN0b3IKcQJjSW5kaWFEZW5zLm1vZGVscwpDdXN0b21lcnMKcQNjX19idWlsdGluX18Kb2JqZWN0CnEETodScQV9cQYoVQdwcm9maWxlcQdYAAAAAFUIc3VidGl0bGVxCFgAAAAAVQhwYXJlbnRpZHEJTlUGX3N0YXRlcQpjZGphbmdvLmRiLm1vZGVscy5iYXNlCk1vZGVsU3RhdGUKcQspgXEMfXENKFUGYWRkaW5ncQ6JVQJkYnEPVQdkZWZhdWx0dWJVCGtleXdvcmRzcRBYAAAAAFUEbG9nb3ERWAAAAABVCGxvZ2lucHdkcRJYBwAAAHdlbGNvbWVVCWVtYWlsY29kZXETWCEAAAAya28xaHYzNGt3d3lqdDlyNTJvZnI0eWF6aTU2bjF6aHVVBXRpdGxlcRRYAAAAAFULaXNjb25maXJtZWRxFU5VDGN1c3RvbWVydHlwZXEWSwBVC2NvbmZpcm1jb2RlcRdYAAAAAFUGY2l0eWlkcRhLGlULbG9jYXRpb25tYXBxGVgAAAAAVQVlbWFpbHEaWBMAAABhc2hva0BpbmRpYWRlbnMuY29tVQlpc2RlbGV0ZWRxG05VB3dlYnNpdGVxHFgAAAAAVQNmYXhxHVgAAAAAVQljb3VudHJ5aWRxHksBVQtkZXNjcmlwdGlvbnEfWAAAAABVCWZpcnN0bmFtZXEgWAUAAABhc2hva1UHc3RhdGVpZHEhSwFVCGxhc3RuYW1lcSJYBgAAAGRodWRsYVUQZGVhbGluZ2xvY2F0aW9uc3EjWAAAAABVBXBob25lcSRYDAAAADkxOTcwNDcxNzA5NVUHYWRkcmVzc3ElWAMAAABrbXJVCmN1c3RvbWVyaWRxJooBA1UPaXNlbWFpbHZlcmlmaWVkcSdOVQptb2JpbGVjb2RlcShYBQAAADEwOTU2VRBpc21vYmlsZXZlcmlmaWVkcSlOVQVkZWFsc3EqWAAAAABVCXVwZGF0ZWRieXErTnVicy4=','2013-09-19 07:29:05'),('zkywwsrmeixtoans3rl9d0jt77ocov4s','NmNjMzQ3ZTc2YzllMGFiMTYzZTY5ZjFmNzk1NTI3N2Y5MDg3YmRjNjqAAn1xAVUIQ3VzdG9tZXJxAmNjb3B5X3JlZwpfcmVjb25zdHJ1Y3RvcgpxA2NJbmRpYURlbnMubW9kZWxzCkN1c3RvbWVycwpxBGNfX2J1aWx0aW5fXwpvYmplY3QKcQVOh1JxBn1xByhVB3Byb2ZpbGVxCFgJAAAAcGVybWFuZW50VQhzdWJ0aXRsZXEJWAcAAABzYWRnc2FnVQhwYXJlbnRpZHEKTlUGX3N0YXRlcQtjZGphbmdvLmRiLm1vZGVscy5iYXNlCk1vZGVsU3RhdGUKcQwpgXENfXEOKFUGYWRkaW5ncQ+JVQJkYnEQVQdkZWZhdWx0cRF1YlUIa2V5d29yZHNxElgAAAAAVQRsb2dvcRNYDgAAAEN1c3RvbWVyLTIuanBnVQhsb2dpbnB3ZHEUWAcAAAB3ZWxjb21lVQllbWFpbGNvZGVxFVghAAAAMTRlbm96eWFtZGZxOW9nZW1kY3d0d3BwdjJlcGxhaWhzVQV0aXRsZXEWWA0AAABFIFNldmEgQ2VudGVyVQtpc2NvbmZpcm1lZHEXTlUMY3VzdG9tZXJ0eXBlcRhLAlULY29uZmlybWNvZGVxGVgAAAAAVQZjaXR5aWRxGksDVQtsb2NhdGlvbm1hcHEbWAAAAABVBWVtYWlscRxYEgAAAHZlbnVAaW5kaWFkZW5zLmNvbVUJaXNkZWxldGVkcR1OVQd3ZWJzaXRlcR5YEQAAAHd3dy5pbmRpYWRlbnMuY29tVQNmYXhxH1gLAAAAMDQwLTY1NjY1NTJVCWNvdW50cnlpZHEgSwFVC2Rlc2NyaXB0aW9ucSFYAwAAAGJsYVUJZmlyc3RuYW1lcSJYCQAAAHZlbnVnb3BhbFUHc3RhdGVpZHEjSwJVCGxhc3RuYW1lcSRYCQAAAHZvcmFnYW50aVUQZGVhbGluZ2xvY2F0aW9uc3ElWAQAAABibGEgVQVwaG9uZXEmWAwAAAA5MTg4ODU2NjIyMjNVB2FkZHJlc3NxJ1gIAAAAQmVndW1wZXRVCmN1c3RvbWVyaWRxKIoBAlUPaXNlbWFpbHZlcmlmaWVkcSlLAVUKbW9iaWxlY29kZXEqWAUAAAAxMDI1MlUQaXNtb2JpbGV2ZXJpZmllZHErTlUFZGVhbHNxLFgDAAAAbm9vVQl1cGRhdGVkYnlxLU51YnMu','2013-09-13 07:35:34');

#
# Source for table "django_site"
#

DROP TABLE IF EXISTS `django_site`;
CREATE TABLE `django_site` (
  `id` int(11) NOT NULL AUTO_INCREMENT,
  `domain` varchar(100) NOT NULL,
  `name` varchar(50) NOT NULL,
  PRIMARY KEY (`id`)
) ENGINE=InnoDB AUTO_INCREMENT=2 DEFAULT CHARSET=utf8;

#
# Data for table "django_site"
#

INSERT INTO `django_site` VALUES (1,'example.com','example.com');

#
# Source for table "employees"
#

DROP TABLE IF EXISTS `employees`;
CREATE TABLE `employees` (
  `EmployeeID` int(11) NOT NULL AUTO_INCREMENT,
  `FirstName` varchar(50) DEFAULT NULL,
  `LastName` varchar(50) DEFAULT NULL,
  `Title` varchar(100) DEFAULT NULL,
  `BranchID` smallint(6) DEFAULT NULL,
  `Designation` varchar(100) DEFAULT NULL,
  `EMailID` varchar(100) DEFAULT NULL,
  `LoginPwd` varchar(25) DEFAULT NULL,
  `ContactNo` varchar(25) DEFAULT NULL,
  `Role` varchar(1) DEFAULT NULL,
  `BusinessCategory` tinyint(4) DEFAULT NULL,
  `BusinessInfo` varchar(255) DEFAULT NULL,
  `Address` varchar(255) DEFAULT NULL,
  `City` varchar(100) DEFAULT NULL,
  `StateID` smallint(6) DEFAULT NULL,
  `Country` smallint(6) DEFAULT '91',
  `photo` varchar(255) DEFAULT NULL,
  `ConfirmCode` varchar(25) DEFAULT NULL,
  `IsActive` bit(1) DEFAULT NULL,
  PRIMARY KEY (`EmployeeID`)
) ENGINE=InnoDB AUTO_INCREMENT=3 DEFAULT CHARSET=utf8;

#
# Data for table "employees"
#

INSERT INTO `employees` VALUES (1,'Admin','Indiadens','',NULL,'','admin@indiadens.com','welcome','','A',NULL,'','Madinaguda','Hyderabad',NULL,NULL,'','',b'0'),(2,'venugopal','voraganti','',NULL,'','venu@indiadens.com','welcome','8885662223','S',NULL,'','Prakashnagar','Hyderabad',2,NULL,'static/ListingImages/Employee-2.jpg','',b'0');

#
# Source for table "iptable"
#

DROP TABLE IF EXISTS `iptable`;
CREATE TABLE `iptable` (
  `IPTableID` bigint(20) NOT NULL AUTO_INCREMENT,
  `IP` varchar(50) DEFAULT NULL,
  `City` varchar(100) DEFAULT NULL,
  `State` varchar(100) DEFAULT NULL,
  `CreateDate` timestamp NOT NULL DEFAULT CURRENT_TIMESTAMP,
  PRIMARY KEY (`IPTableID`)
) ENGINE=InnoDB AUTO_INCREMENT=11 DEFAULT CHARSET=utf8;

#
# Data for table "iptable"
#

INSERT INTO `iptable` VALUES (1,'203.217.145.50','Hyderabad','Andhra Pradesh','2013-09-06 11:48:23'),(2,'203.217.145.50','Hyderabad','Andhra Pradesh','2013-09-06 11:54:18'),(3,'203.217.145.50','Hyderabad','Andhra Pradesh','2013-09-06 12:06:55'),(4,'203.217.145.50','Hyderabad','Andhra Pradesh','2013-09-06 12:28:37'),(5,'203.217.145.50','Hyderabad','Andhra Pradesh','2013-09-06 13:32:41'),(6,'203.217.145.50','Hyderabad','Andhra Pradesh','2013-09-06 13:45:54'),(7,'203.217.145.50','Hyderabad','Andhra Pradesh','2013-09-06 14:07:59'),(8,'203.217.145.50','Hyderabad','Andhra Pradesh','2013-09-06 14:14:14'),(9,'203.217.145.50','Hyderabad','Andhra Pradesh','2013-09-06 14:14:16'),(10,'203.217.145.50','Hyderabad','Andhra Pradesh','2013-09-06 14:15:00');

#
# Source for table "mobilemessages"
#

DROP TABLE IF EXISTS `mobilemessages`;
CREATE TABLE `mobilemessages` (
  `MessageID` bigint(20) NOT NULL AUTO_INCREMENT,
  `MessageFrom` varchar(50) DEFAULT NULL,
  `MessageTo` varchar(12) DEFAULT NULL,
  `SentDate` datetime DEFAULT NULL,
  `Message` varchar(512) DEFAULT NULL,
  PRIMARY KEY (`MessageID`)
) ENGINE=InnoDB AUTO_INCREMENT=3 DEFAULT CHARSET=utf8;

#
# Data for table "mobilemessages"
#

INSERT INTO `mobilemessages` VALUES (1,'918096806089','8978028038','2013-09-16 06:59:21','10842'),(2,'IA-612345','8978028038','2013-09-16 11:51:47','Searching for restaurants for dining/ takeaway in your area? Call 54422 TollFree ');

#
# Source for table "newlistings"
#

DROP TABLE IF EXISTS `newlistings`;
CREATE TABLE `newlistings` (
  `NewListingID` bigint(20) NOT NULL AUTO_INCREMENT,
  `PropertyType` tinyint(4) DEFAULT NULL,
  `Price` float DEFAULT NULL,
  `PriceInWords` tinyint(4) DEFAULT NULL,
  `Area` smallint(6) DEFAULT NULL,
  `AreaUnit` tinyint(4) DEFAULT NULL,
  `Bedrooms` tinyint(4) DEFAULT NULL,
  `Bathrooms` tinyint(4) DEFAULT NULL,
  `Address` varchar(255) DEFAULT NULL,
  `City` varchar(255) DEFAULT NULL,
  `StateID` tinyint(4) DEFAULT NULL,
  `Description` varchar(512) DEFAULT NULL,
  `ImageURL` varchar(255) DEFAULT NULL,
  `Latitude` float DEFAULT NULL,
  `Longitude` float DEFAULT NULL,
  `Name` varchar(255) DEFAULT NULL,
  `EMail` varchar(255) DEFAULT NULL,
  `Phone` varchar(255) DEFAULT NULL,
  `Ownership` tinyint(4) DEFAULT NULL,
  `IPAddress` varchar(20) DEFAULT NULL,
  `AssignedTo` int(11) DEFAULT NULL,
  `Status` tinyint(4) DEFAULT NULL,
  `ConfirmationCode` varchar(25) DEFAULT NULL,
  `IsConfirmed` tinyint(4) DEFAULT NULL,
  `CreateDate` timestamp NOT NULL DEFAULT CURRENT_TIMESTAMP,
  `ListingType` tinyint(4) DEFAULT NULL,
  PRIMARY KEY (`NewListingID`)
) ENGINE=InnoDB DEFAULT CHARSET=utf8;

#
# Data for table "newlistings"
#


#
# Source for table "rentalattributes"
#

DROP TABLE IF EXISTS `rentalattributes`;
CREATE TABLE `rentalattributes` (
  `AttributeID` bigint(20) NOT NULL AUTO_INCREMENT,
  `ListingID` bigint(20) DEFAULT NULL,
  `ValueTypeID` tinyint(4) DEFAULT NULL,
  `Name` varchar(50) DEFAULT NULL,
  `Value` varchar(255) DEFAULT NULL,
  PRIMARY KEY (`AttributeID`)
) ENGINE=InnoDB AUTO_INCREMENT=5 DEFAULT CHARSET=utf8;

#
# Data for table "rentalattributes"
#

INSERT INTO `rentalattributes` VALUES (1,2,NULL,'master bedroom','350 * 350fts'),(2,41,NULL,'master bedroom','250'),(3,41,NULL,'Bedroom','220'),(4,52,NULL,'master bedroom','250*250');

#
# Source for table "rentallistingimages"
#

DROP TABLE IF EXISTS `rentallistingimages`;
CREATE TABLE `rentallistingimages` (
  `ListingImageID` bigint(20) NOT NULL AUTO_INCREMENT,
  `ListingID` bigint(20) NOT NULL,
  `ImageThumb` varchar(255) DEFAULT NULL,
  `LargeImage` varchar(255) NOT NULL,
  `Description` varchar(255) DEFAULT NULL,
  PRIMARY KEY (`ListingImageID`)
) ENGINE=InnoDB AUTO_INCREMENT=50 DEFAULT CHARSET=utf8;

#
# Data for table "rentallistingimages"
#

INSERT INTO `rentallistingimages` VALUES (1,1,'','RentalListing-1-1.jpg',''),(2,25,'','RentalListing-25-1.jpg',''),(3,18,'','RentalListing--1.jpg',''),(4,18,'','RentalListing--1.jpg',''),(5,40,'','RentalListing--1.jpg',''),(7,41,'','RentalListing--1.jpg',''),(8,45,'','rentallisting-45-1.jpg',''),(9,48,'','Rentallisting-48-1.jpg',''),(10,49,'','Rentallisting-49-1.jpg',''),(11,54,'','Rentallisting-54-1.jpg',''),(12,55,'','Rentallisting-55-1.jpg',''),(13,56,'','Rentallisting-56-1.jpg',''),(14,57,'','Rentallisting-57-1.jpg',''),(15,58,'','Rentallisting-58-1.jpg',''),(16,59,'','Rentallisting-59-1.jpg',''),(17,60,'','Rentallisting-60-1.jpg',''),(18,61,'','Rentallisting-61-1.jpg',''),(19,62,'','Rentallisting-62-1.jpg',''),(20,73,'','Rentallisting-73-1.jpg',''),(21,78,'','Rentallisting-78-1.jpg',''),(22,85,'','Rentallisting-85-1.jpg',''),(23,89,'','RentalListing-52-1.jpg',''),(24,89,'','RentalListing-36-1.jpg',''),(25,89,'','RentalListing-36-1.jpg',''),(33,91,'','RentalListing-91-1.jpg',''),(34,92,'','RentalListing--1.jpg',''),(35,95,'','RentalListing--1.jpg',''),(36,36,'','RentalListing-36-1.jpg',''),(37,36,'','RentalListing-36-2.jpg',''),(38,36,'RentalListing-36-1.jpg','',''),(44,98,'','Rentallisting-98-1.jpg',''),(45,99,'','Rentallisting-99-1.jpg',''),(46,100,'','Rentallisting-100-1.jpg',''),(47,101,'','Rentallisting-101-1.jpg',''),(48,102,'','Rentallisting-102-1.jpg',''),(49,103,'','Rentallisting-103-1.jpg',''),(52,90,'','RentalListing-90-4.jpg',''),(53,90,'','RentalListing-90-2.jpg',''),(54,90,'RentalListing-90-1.jpg','RentalListing-90-1.jpg','');

#
# Source for table "rentals"
#

DROP TABLE IF EXISTS `rentals`;
CREATE TABLE `rentals` (
  `ListingID` int(11) NOT NULL AUTO_INCREMENT,
  `ParentID` int(11) DEFAULT NULL,
  `CustomerID` int(11) DEFAULT NULL,
  `PropertyTypeID` int(11) DEFAULT NULL,
  `Ownership` tinyint(4) DEFAULT NULL,
  `Title` varchar(255) DEFAULT NULL,
  `Rent` int(6) DEFAULT NULL,
  `RentFreequency` tinyint(4) DEFAULT NULL,
  `AdvanceAmount` int(6) DEFAULT NULL,
  `AdvanceFreequency` tinyint(4) DEFAULT NULL,
  `Maintenance` int(11) DEFAULT NULL,
  `Allowed-Family` tinyint(4) DEFAULT NULL,
  `Allowed-Bachelors` tinyint(4) DEFAULT NULL,
  `Bedrooms` tinyint(4) DEFAULT NULL,
  `Bathrooms` tinyint(4) DEFAULT NULL,
  `Area` smallint(6) DEFAULT NULL,
  `AreaUnit` tinyint(4) DEFAULT NULL,
  `Address` varchar(255) DEFAULT NULL,
  `LandMark1` varchar(255) DEFAULT NULL,
  `LandMark2` varchar(255) DEFAULT NULL,
  `LandMark3` varchar(255) DEFAULT NULL,
  `LandMark4` varchar(255) DEFAULT NULL,
  `CityID` smallint(6) DEFAULT NULL,
  `StateID` tinyint(4) DEFAULT NULL,
  `PostalCode` varchar(20) DEFAULT NULL,
  `latitude` double DEFAULT NULL,
  `longitude` double DEFAULT NULL,
  `ContactName` varchar(100) DEFAULT NULL,
  `Phone` varchar(100) DEFAULT NULL,
  `EMail` varchar(255) DEFAULT NULL,
  `WebSite` varchar(255) DEFAULT NULL,
  `VirtualTour` varchar(255) DEFAULT NULL,
  `Description` varchar(512) DEFAULT NULL,
  `lift` tinyint(1) DEFAULT NULL,
  `gym` tinyint(1) DEFAULT NULL,
  `swimmingpool` tinyint(1) DEFAULT NULL,
  `gatedcommunity` tinyint(1) DEFAULT NULL,
  `PowerBackup` tinyint(4) DEFAULT NULL,
  `Furnished` tinyint(4) DEFAULT NULL,
  `cupboards` tinyint(1) DEFAULT NULL,
  `Facing` tinyint(4) DEFAULT NULL,
  `Possession` varchar(25) DEFAULT NULL,
  `ConstructionDate` varchar(20) DEFAULT NULL,
  `PropertyStatus` varchar(30) DEFAULT NULL,
  `ImageThumb` varchar(255) DEFAULT NULL,
  `PostedDate` datetime DEFAULT NULL,
  `ExpiryDate` datetime DEFAULT NULL,
  `Impressions` int(11) DEFAULT NULL,
  `PlanID` tinyint(4) DEFAULT '0',
  `SortOrder` tinyint(4) DEFAULT NULL,
  `Rank` int(11) DEFAULT NULL,
  `DuplicateID` int(11) DEFAULT '-1',
  `IsActive` tinyint(1) unsigned DEFAULT NULL,
  `IPAddress` varchar(20) DEFAULT NULL,
  `CreateDate` timestamp NOT NULL DEFAULT CURRENT_TIMESTAMP,
  `PropertyID` varchar(20) DEFAULT NULL,
  `ConfirmCOde` varchar(25) DEFAULT NULL,
  `IsConfirmed` tinyint(1) DEFAULT NULL,
  `ApprovalStatus` tinyint(2) DEFAULT NULL,
  `IsMobileVerified` tinyint(1) DEFAULT NULL,
  `IsEMailVerified` tinyint(1) DEFAULT NULL,
  `MobileCode` varchar(50) DEFAULT NULL,
  `EMailCode` varchar(50) DEFAULT NULL,
  PRIMARY KEY (`ListingID`)
) ENGINE=MyISAM AUTO_INCREMENT=105 DEFAULT CHARSET=utf8;

#
# Data for table "rentals"
#

INSERT INTO `rentals` VALUES (4,NULL,8,20,1,'Triple Bedroom Independent House at Uppal',250000000,NULL,NULL,NULL,NULL,NULL,NULL,3,3,5000,1,'Uppal','','','','',2,1,'',NULL,NULL,'Vishwak M','917894561320','vishwakm@google.com','','','sadlknlaks',NULL,NULL,NULL,NULL,NULL,NULL,NULL,NULL,'',NULL,'','rentallisting-4-1.jpg','2013-09-06 10:47:43','2013-09-21 10:47:43',NULL,0,NULL,NULL,NULL,NULL,'','2013-09-06 05:17:47','IDR00000004','',NULL,1,NULL,NULL,'',NULL),(6,NULL,11,20,1,'Triple Bedroom Independent House at Chanda nagar',2563000,NULL,NULL,NULL,NULL,NULL,NULL,3,3,1000,1,'Chanda nagar','','','','',3,1,'',NULL,NULL,'Divya','918885251621','divyad@gmail.com','','','Nice home',NULL,NULL,NULL,NULL,NULL,NULL,NULL,NULL,'',NULL,'','rentallisting-6-1.jpg','2013-09-06 11:56:03','2013-09-21 11:56:03',NULL,0,NULL,NULL,NULL,NULL,'','2013-09-06 06:26:07','IDR00000006','',NULL,0,NULL,NULL,'',NULL),(10,NULL,15,20,1,'6 Bhk Independent House at Police line',1000000,NULL,NULL,NULL,NULL,NULL,NULL,6,6,1000,1,'Police line','','','','',3,1,'',NULL,NULL,'Rohit pyr','917539512586','pyrkumar@google.com','','','alknlknl',NULL,NULL,NULL,NULL,NULL,NULL,NULL,NULL,'',NULL,'','rentallisting-10-1.jpg','2013-09-16 10:37:02','2013-10-01 10:37:02',NULL,0,NULL,NULL,NULL,NULL,'','2013-09-15 01:37:03','IDR00000010','',NULL,0,NULL,NULL,'',NULL),(12,NULL,17,20,1,'Triple Bedroom Independent House at aslknsalkn',2500000,NULL,NULL,NULL,NULL,NULL,NULL,3,3,100,1,'aslknsalkn','','','','',27,3,'',NULL,NULL,'Rahul Thakur','917539512586','rthakur@google.com','','','as.kda;lk',NULL,NULL,NULL,NULL,NULL,NULL,NULL,NULL,'',NULL,'','rentallisting-12-1.jpg','2013-09-16 11:14:22','2013-10-01 11:14:22',NULL,0,NULL,NULL,NULL,NULL,'','2013-09-14 09:44:22','IDR00000012','',NULL,0,NULL,NULL,'',NULL),(18,NULL,18,10,2,'Triple Bedroom Apartments at Kukatpally',1000000,NULL,NULL,NULL,NULL,NULL,NULL,3,3,1000,1,'Kukatpally','','','','',2,1,'',NULL,NULL,'Seetha vella','919638527412','vseetha@google.com','','','asklksl',NULL,NULL,NULL,NULL,NULL,NULL,NULL,NULL,'',NULL,'','rentallisting-18-1.jpg','2013-09-16 11:49:51','2013-10-01 11:49:51',NULL,0,NULL,NULL,NULL,NULL,'','2013-09-16 06:19:52','IDR00000018','',NULL,1,NULL,NULL,'',NULL),(21,NULL,17,20,1,'Triple Bedroom Independent House at alknlk',26000000,NULL,NULL,NULL,NULL,NULL,NULL,3,3,1000,1,'alknlk','','','','',2,1,'',NULL,NULL,'Rahul Thakur','917539512586','rthakur@google.com','','','aslknlaks',NULL,NULL,NULL,NULL,NULL,NULL,NULL,NULL,'',NULL,'','rentallisting-21-1.jpg','2013-09-16 12:25:33','2013-10-01 12:25:33',NULL,0,NULL,NULL,NULL,NULL,'','2013-09-14 16:25:34','IDR00000021','',NULL,0,NULL,NULL,'',NULL),(22,NULL,17,20,1,'Triple Bedroom Independent House at alknlk',26000000,NULL,NULL,NULL,NULL,NULL,NULL,3,3,1000,1,'alknlk','','','','',2,1,'',NULL,NULL,'Rahul Thakur','917539512586','rthakur@google.com','','','aslknlaks',NULL,NULL,NULL,NULL,NULL,NULL,NULL,NULL,'',NULL,'','rentallisting-22-1.jpg','2013-09-16 12:27:29','2013-10-01 12:27:29',NULL,0,NULL,NULL,NULL,NULL,'','2013-09-14 21:57:31','IDR00000022','',NULL,0,NULL,NULL,'',NULL),(23,NULL,17,20,1,'Triple Bedroom Independent House at alknlk',26000000,NULL,NULL,NULL,NULL,NULL,NULL,3,3,1000,1,'alknlk','','','','',2,1,'',NULL,NULL,'Rahul Thakur','917539512586','rthakur@google.com','','','aslknlaks',NULL,NULL,NULL,NULL,NULL,NULL,NULL,NULL,'',NULL,'','rentallisting-23-1.jpg','2013-09-16 12:28:49','2013-10-01 12:28:49',NULL,0,NULL,NULL,NULL,NULL,'','2013-09-15 03:28:50','IDR00000023','',NULL,0,NULL,NULL,'',NULL),(24,NULL,17,20,2,'Triple Bedroom Independent House at Bharath nagar',10000,NULL,NULL,NULL,NULL,NULL,NULL,3,3,200,1,'Bharath nagar','','','','',10,2,'',NULL,NULL,'Rahul Thakur','917539512586','rthakur@google.com','','','akansldknf',NULL,NULL,NULL,NULL,NULL,NULL,NULL,NULL,'',NULL,'','rentallisting-24-1.jpg','2013-09-16 12:38:49','2013-10-01 12:38:49',NULL,0,NULL,NULL,NULL,NULL,'','2013-09-15 09:08:50','IDR00000024','',NULL,0,NULL,NULL,'',NULL),(27,NULL,17,20,2,'Triple Bedroom Independent House at Bharath nagar',10000,NULL,NULL,NULL,NULL,NULL,NULL,3,3,200,1,'Bharath nagar','','','','',10,2,'',NULL,NULL,'Rahul Thakur','917539512586','rthakur@google.com','','','akansldknf',NULL,NULL,NULL,NULL,NULL,NULL,NULL,NULL,'',NULL,'','rentallisting-27-1.jpg','2013-09-16 12:46:09','2013-10-01 12:46:09',NULL,0,NULL,NULL,NULL,NULL,'','2013-09-15 14:46:10','IDR00000027','',NULL,0,NULL,NULL,'',NULL),(28,NULL,17,20,2,'Triple Bedroom Independent House at Bharath nagar',10000,NULL,NULL,NULL,NULL,NULL,NULL,3,3,200,1,'Bharath nagar','','','','',10,2,'',NULL,NULL,'Rahul Thakur','917539512586','rthakur@google.com','','','akansldknf',NULL,NULL,NULL,NULL,NULL,NULL,NULL,NULL,'',NULL,'','rentallisting-28-1.jpg','2013-09-16 12:47:04','2013-10-01 12:47:04',NULL,0,NULL,NULL,NULL,NULL,'','2013-09-15 20:17:05','IDR00000028','',NULL,0,NULL,NULL,'',NULL),(29,NULL,17,20,2,'Triple Bedroom Independent House at Bharath nagar',10000,NULL,NULL,NULL,NULL,NULL,NULL,3,3,200,1,'Bharath nagar','','','','',10,2,'',NULL,NULL,'Rahul Thakur','917539512586','rthakur@google.com','','','akansldknf',NULL,NULL,NULL,NULL,NULL,NULL,NULL,NULL,'',NULL,'','rentallisting-29-1.jpg','2013-09-16 12:47:07','2013-10-01 12:47:07',NULL,0,NULL,NULL,NULL,NULL,'','2013-09-16 01:47:08','IDR00000029','',NULL,0,NULL,NULL,'',NULL),(30,NULL,15,20,1,'Triple Bedroom Independent House at Moosapet',10000,NULL,NULL,NULL,NULL,NULL,NULL,3,3,1000,1,'Moosapet','','','','',14,2,'',NULL,NULL,'Rohit pyr','917539512586','pyrkumar@google.com','','','aslkmsldn',NULL,NULL,NULL,NULL,NULL,NULL,NULL,NULL,'',NULL,'','','2013-09-16 12:48:26','2013-10-01 12:48:26',NULL,0,NULL,NULL,NULL,NULL,'','2013-09-15 20:18:27','','',NULL,0,NULL,NULL,'',NULL),(32,NULL,15,20,1,'Triple Bedroom Independent House at Moosapet',10000,NULL,NULL,NULL,NULL,NULL,NULL,3,3,1000,1,'Moosapet','','','','',14,2,'',NULL,NULL,'Rohit pyr','917539512586','pyrkumar@google.com','','','aslkmsldn',NULL,NULL,NULL,NULL,NULL,NULL,NULL,NULL,'',NULL,'','','2013-09-16 12:54:04','2013-10-01 12:54:04',NULL,0,NULL,NULL,NULL,NULL,'','2013-09-16 01:54:05','','',NULL,0,NULL,NULL,'',NULL),(33,NULL,15,20,1,'Triple Bedroom Independent House at Moosapet',10000,NULL,NULL,NULL,NULL,NULL,NULL,3,3,1000,1,'Moosapet','','','','',14,2,'',NULL,NULL,'Rohit pyr','917539512586','pyrkumar@google.com','','','aslkmsldn',NULL,NULL,NULL,NULL,NULL,NULL,NULL,NULL,'',NULL,'','','2013-09-16 12:54:07','2013-10-01 12:54:07',NULL,0,NULL,NULL,NULL,NULL,'','2013-09-16 07:24:08','','',NULL,0,NULL,NULL,'',NULL),(34,NULL,15,20,1,'Triple Bedroom Independent House at Moosapet',10000,NULL,NULL,NULL,NULL,NULL,NULL,3,3,1000,1,'Moosapet','','','','',14,2,'',NULL,NULL,'Rohit pyr','917539512586','pyrkumar@google.com','','','aslkmsldn',NULL,NULL,NULL,NULL,NULL,NULL,NULL,NULL,'',NULL,'','','2013-09-16 12:54:16','2013-10-01 12:54:16',NULL,0,NULL,NULL,NULL,NULL,'','2013-09-16 12:54:18','','',NULL,0,NULL,NULL,'',NULL),(35,NULL,15,20,1,'Triple Bedroom Independent House at Moosapet',10000,NULL,NULL,NULL,NULL,NULL,NULL,3,3,1000,1,'Moosapet','','','','',14,2,'',NULL,NULL,'Rohit pyr','917539512586','pyrkumar@google.com','','','aslkmsldn',NULL,NULL,NULL,NULL,NULL,NULL,NULL,NULL,'',NULL,'','','2013-09-16 13:00:40','2013-10-01 13:00:40',NULL,0,NULL,NULL,NULL,NULL,'','2013-09-16 18:30:41','','',NULL,1,NULL,NULL,'',NULL),(36,NULL,2,100,1,'2 Bhk Apartments at Madinaguda',15000,1,20000,NULL,1000,0,0,0,0,0,1,'gdfgdfh','','','','',3,2,'',NULL,NULL,'venugopalvoraganti','918885662223','venu@indiadens.com','','','xcvxb',0,0,0,0,0,0,0,0,'','0','x','','2013-09-19 18:30:00',NULL,NULL,0,NULL,NULL,NULL,NULL,'','2013-09-11 01:10:58','','',NULL,3,NULL,NULL,'',NULL),(42,NULL,20,10,2,'2 Bhk Apartments at  Phase-1',16000,NULL,NULL,NULL,NULL,NULL,NULL,2,1,1200,1,'B-19 6A, DLF City, Phase-1','','','','',68,10,'',NULL,NULL,'Murthy Pydikondala','918096806089','murthy@indiadens.com','','','Test description',NULL,NULL,NULL,NULL,NULL,NULL,NULL,NULL,'',NULL,'','rentallisting-42-1.jpg','2013-09-16 13:55:34','2013-10-01 13:55:34',NULL,0,NULL,NULL,NULL,NULL,'','2013-09-14 17:55:34','IDR00000042','',NULL,0,NULL,NULL,'',NULL),(43,NULL,21,20,2,'Triple Bedroom Independent House at kukatpally',25000000,NULL,NULL,NULL,NULL,NULL,NULL,3,3,120,1,'kukatpally','','','','',3,1,'',NULL,NULL,'Ramesh V','917539512586','vramesh@google.com','','','a,asd m, ,',NULL,NULL,NULL,NULL,NULL,NULL,NULL,NULL,'',NULL,'','','2013-09-16 14:21:56','2013-10-01 14:21:56',NULL,0,NULL,NULL,NULL,NULL,'','2013-09-16 08:51:57','','',NULL,0,NULL,NULL,'',NULL),(44,NULL,21,20,2,'Triple Bedroom Independent House at kukatpally',25000000,NULL,NULL,NULL,NULL,NULL,NULL,3,3,120,1,'kukatpally','','','','',3,1,'',NULL,NULL,'Ramesh V','917539512586','vramesh@google.com','','','a,asd m, ,',NULL,NULL,NULL,NULL,NULL,NULL,NULL,NULL,'',NULL,'','','2013-09-16 14:22:44','2013-10-01 14:22:44',NULL,0,NULL,NULL,NULL,NULL,'','2013-09-16 14:22:45','','',NULL,0,NULL,NULL,'',NULL),(45,NULL,21,20,2,'Triple Bedroom Independent House at kukatpally',25000000,NULL,NULL,NULL,NULL,NULL,NULL,3,3,120,1,'kukatpally','','','','',3,1,'',NULL,NULL,'Ramesh V','917539512586','vramesh@google.com','','','a,asd m, ,',NULL,NULL,NULL,NULL,NULL,NULL,NULL,NULL,'',NULL,'','','2013-09-16 14:23:08','2013-10-01 14:23:08',NULL,0,NULL,NULL,NULL,NULL,'','2013-09-16 08:53:09','IDR00000045','',NULL,1,NULL,NULL,'',NULL),(47,NULL,20,10,2,'Triple Bedroom Apartments at Sahara Mall',25000,NULL,NULL,NULL,NULL,NULL,NULL,3,2,1200,1,'Sahara Mall','','','','',68,10,'',NULL,NULL,'Murthy Pydikondala','918096806089','murthy@indiadens.com','','','dd',NULL,NULL,NULL,NULL,NULL,NULL,NULL,NULL,'',NULL,'','rentallisting-47-1.jpg','2013-09-16 14:36:03','2013-10-01 14:36:03',NULL,0,NULL,NULL,NULL,NULL,'','2013-09-15 00:06:03','IDR00000047','',NULL,0,NULL,NULL,'',NULL),(48,NULL,24,30,1,'Triple Bedroom Pent House at Prakash nagar',1000000,NULL,NULL,NULL,NULL,NULL,NULL,3,3,1000,1,'Prakash nagar','','','','',2,1,'',NULL,NULL,'Sandhya K','917418523698','sandhyak@gmail.com','','','nice property',NULL,NULL,NULL,NULL,NULL,NULL,NULL,NULL,'',NULL,'','Rentallisting-48-1.jpg','2013-09-16 15:16:41','2013-10-01 15:16:41',NULL,0,NULL,NULL,NULL,NULL,'','2013-09-16 09:46:42','IDR00000048','',NULL,1,NULL,NULL,'',NULL),(50,NULL,26,30,2,'2 Bhk Pent House at vikarabad',20000,NULL,NULL,NULL,NULL,NULL,NULL,2,2,1000,1,'vikarabad','','','','',9,6,'',NULL,NULL,'Kamal P','918637421593','kamalp@yahoo.com','','','awesome ',NULL,NULL,NULL,NULL,NULL,NULL,NULL,NULL,'',NULL,'','','2013-09-16 15:24:18','2013-10-01 15:24:18',NULL,0,NULL,NULL,NULL,NULL,'','2013-09-16 20:54:19','','',NULL,0,NULL,NULL,'',NULL),(52,NULL,3,30,1,'3 BedRooom flat home for rent',24000,2,5000,NULL,0,1,1,2,3,0,2,'kamareddy','','','','',26,1,'',NULL,NULL,'ashokdhudla','919704717095','ashok@indiadens.com','','','nice home',0,0,0,0,0,0,0,0,'','2013','x','','2013-09-19 18:30:00',NULL,NULL,0,NULL,NULL,NULL,NULL,'','2013-09-14 03:23:03','IDR00000052','',NULL,1,NULL,NULL,'',NULL),(53,NULL,3,25,1,'3 bhk flat in apartment',2800000,2,25000,NULL,0,1,1,1,2,0,1,'serilingam pally','','','','',26,1,'',NULL,NULL,'ashokdhudla','919704717095','ashok@indiadens.com','','','apartment for rent',0,0,0,0,0,0,0,0,'',NULL,'x','','2013-09-16 18:30:00',NULL,NULL,0,NULL,NULL,NULL,NULL,'','2013-09-16 22:21:43','IDR00000053','',NULL,3,NULL,NULL,'',NULL),(54,NULL,20,10,1,'2 Bhk Apartments at dd',12000,1,50000,NULL,0,0,0,2,2,1200,1,'dd','','','','',3,2,'',NULL,NULL,'Murthy Pydikondala','918096806089','murthy@indiadens.com','','','ff',0,0,0,0,0,0,0,0,'',NULL,'x','','2013-09-16 18:30:00','2013-10-02 11:33:44',NULL,0,NULL,NULL,NULL,NULL,'','2013-09-15 15:33:44','IDR00000054','',NULL,3,NULL,NULL,'',NULL),(56,NULL,20,25,1,'4 Bhk  Villas at dd',24000,1,5000,NULL,0,0,0,4,3,1500,1,'dd','','','','',63,2,'',NULL,NULL,'Murthy Pydikondala','918096806089','murthy@indiadens.com','','','thakida',0,0,0,0,0,0,0,0,'',NULL,'x','','2013-09-16 18:30:00','2013-10-02 11:43:35',NULL,0,NULL,NULL,NULL,NULL,'','2013-09-16 02:43:35','IDR00000056','',NULL,3,NULL,NULL,'',NULL),(60,NULL,20,25,1,'4 Bhk  Villas at dd',24000,1,5000,NULL,0,0,0,4,3,1500,1,'dd','','','','',63,2,'',NULL,NULL,'Murthy Pydikondala','918096806089','murthy@indiadens.com','','','thakida',0,0,0,0,0,0,0,0,'',NULL,'x','','2013-09-16 18:30:00','2013-10-02 11:53:21',NULL,0,NULL,NULL,NULL,NULL,'','2013-09-17 00:53:21','IDR00000060','',NULL,1,NULL,NULL,'',NULL),(66,NULL,17,20,1,'Triple Bedroom Independent House at lkaalks',20,NULL,NULL,NULL,NULL,NULL,NULL,3,3,1000,1,'lkaalks','','','','',3,2,'',NULL,NULL,'Rahul Thakur','917539512586','rthakur@google.com','','','asfd',NULL,NULL,NULL,NULL,NULL,NULL,NULL,NULL,'',NULL,'','','2013-09-17 13:36:21','2013-10-02 13:36:21',NULL,0,NULL,NULL,NULL,NULL,'','2013-09-17 19:06:21','','',NULL,1,NULL,NULL,'',NULL),(75,NULL,3,20,1,'4 Bhk  Villas at dd',24000,1,0,NULL,0,0,0,0,0,0,1,'madina guda','','','','',26,1,'',NULL,NULL,'ashokdhudla','919704717095','ashok@indiadens.com','','','nice villa for rent',0,0,0,0,0,0,0,0,'',NULL,'x','','2013-09-16 18:30:00',NULL,NULL,0,NULL,NULL,NULL,NULL,'','2013-09-17 15:14:52','IDR00000075','',NULL,0,NULL,NULL,'',NULL),(82,NULL,3,25,1,'4 Bhk  Villas at dd',2800000,1,0,NULL,0,0,0,0,0,0,1,'werlkt','','','','',26,1,'',NULL,NULL,'ashokdhudla','919704717095','ashok@indiadens.com','','','kirijwi',0,0,0,0,0,0,0,0,'',NULL,'x','','2013-09-16 18:30:00',NULL,NULL,0,NULL,NULL,NULL,NULL,'','2013-09-17 15:27:11','IDR00000082','',NULL,2,NULL,NULL,'',NULL),(84,NULL,3,10,1,'2 Bhk Apartments at Madinaguda',2800000,2,0,NULL,0,0,0,0,0,0,1,'mcr','','','','',26,1,'',NULL,NULL,'ashokdhudla','919704717095','ashok@indiadens.com','','','nice home',0,0,0,0,0,0,0,0,'',NULL,'x','','2013-09-16 18:30:00',NULL,NULL,0,NULL,NULL,NULL,NULL,'','2013-09-17 15:34:58','IDR00000084','',NULL,2,NULL,NULL,'',NULL),(86,NULL,3,20,1,'2 bhk flat for rent ',8500,1,NULL,NULL,0,0,0,0,0,0,1,'kamareddy','','','','',26,1,'',NULL,NULL,'ashokdhudla','919704717095','ashok@indiadens.com','','','all ameties are there nice area good location too',0,0,0,0,0,0,0,0,'',NULL,'x','','2013-09-17 18:30:00',NULL,NULL,0,NULL,NULL,NULL,NULL,'','2013-09-17 14:12:35','IDR00000086','',NULL,2,NULL,NULL,'',NULL),(87,NULL,3,10,1,'4 bhk villa fro rent at chandanagar',85000,1,NULL,NULL,0,0,0,0,0,0,1,'chandanagar near sbh','','','','',26,1,'',NULL,NULL,'ashokdhudla','919704717095','ashok@indiadens.com','','','nice villa fully furnished',0,0,0,0,0,0,0,0,'',NULL,'x','','2013-09-17 18:30:00',NULL,NULL,0,NULL,NULL,NULL,NULL,'','2013-09-18 06:46:56','IDR00000087','',NULL,2,NULL,NULL,'',NULL),(88,NULL,3,30,2,'2 bhks flat for rent at begumpet',50000,1,NULL,NULL,0,0,0,0,0,0,1,'prakash nagar begumpet','','','','',26,1,'',NULL,NULL,'ashokdhudla','919704717095','ashok@indiadens.com','','','near prakash nagar ',0,0,0,0,0,0,0,0,'',NULL,'x','','2013-09-17 18:30:00',NULL,NULL,0,NULL,NULL,NULL,NULL,'','2013-09-18 01:19:58','IDR00000088','',NULL,3,NULL,NULL,'',NULL),(89,NULL,3,20,2,'2 bhk flat for sale at begumpet',85000,1,NULL,NULL,0,0,0,0,0,0,1,'prakash nagar','','','','',26,1,'',NULL,NULL,'ashokdhudla','919704717095','ashok@indiadens.com','','','nice home for rent',0,0,0,0,0,0,0,0,'',NULL,'x','','2013-09-17 18:30:00',NULL,NULL,0,NULL,NULL,NULL,NULL,'','2013-09-18 01:30:08','IDR00000089','',NULL,3,NULL,NULL,'',NULL),(90,NULL,2,100,1,'4 bedrooms Flat house',800000,1,0,NULL,1000,0,1,0,0,2500,1,'Begumpet','','','','',3,2,'',NULL,NULL,'venugopalvoraganti','918885662223','venu@indiadens.com','','','Near to HYD',0,0,0,0,0,0,0,0,'','0','x','','2013-09-19 18:30:00',NULL,NULL,0,NULL,NULL,NULL,NULL,'','2013-09-16 07:57:24','IDR00000090','',NULL,2,NULL,NULL,'',NULL),(91,NULL,3,25,1,'2 Bhk Apartments at Madinaguda',2800000,1,NULL,NULL,0,0,0,0,0,0,1,'madinaguda','','','','',26,1,'',NULL,NULL,'ashokdhudla','919704717095','ashok@indiadens.com','','','nice home',0,0,0,0,0,0,0,0,'',NULL,'x','','2013-09-17 18:30:00',NULL,NULL,0,NULL,NULL,NULL,NULL,'','2013-09-17 23:47:26','IDR00000091','',NULL,3,NULL,NULL,'',NULL),(92,NULL,20,25,2,'Tolet 8 Bedroom Vo;;a',30000,1,NULL,NULL,5000,1,0,8,4,1600,1,'Bachupalli','','','','',3,2,'500072',78.4816499047,78.4816499047,'MurthyPydikondala','918096806089','murthy@indiadens.com','','','Excellent Property for residence',0,0,0,0,0,0,0,0,'Immediate','2005-07-29 18:30:00','b','','2013-09-17 18:30:00',NULL,NULL,0,NULL,NULL,NULL,NULL,'','2013-09-18 02:36:24','IDR00000092','',NULL,2,NULL,NULL,'',NULL),(93,NULL,20,10,1,'dd',5000,1,NULL,NULL,1500,1,1,2,3,1200,1,'dd','','','','',68,11,'',NULL,NULL,'MurthyPydikondala','918096806089','murthy@indiadens.com','','','dd',0,0,0,0,0,0,0,0,'',NULL,'x','','2013-09-17 18:30:00',NULL,NULL,0,NULL,NULL,NULL,NULL,'','2013-09-18 13:42:09','IDR00000093','',NULL,2,NULL,NULL,'',NULL),(94,NULL,3,20,1,'4 Bhk  Villas at dd',2800000,2,NULL,NULL,0,0,0,0,0,0,1,'balkjdb','','','','',26,1,'',NULL,NULL,'ashokdhudla','919704717095','ashok@indiadens.com','','','ak;kgn',0,0,0,0,0,0,0,0,'',NULL,'x','','2013-09-17 18:30:00',NULL,NULL,0,NULL,NULL,NULL,NULL,'','2013-09-18 13:48:15','IDR00000094','',NULL,2,NULL,NULL,'',NULL),(95,NULL,20,10,2,'dd',50000,1,NULL,NULL,0,0,0,3,2,1600,1,'Phase III','','','','',68,11,'',28.4594965,77.0266383000001,'MurthyPydikondala','918096806089','murthy@indiadens.com','','','ss',0,0,0,0,0,0,0,0,'','2005-07-31 18:30:00','x','','2013-09-17 18:30:00',NULL,NULL,0,NULL,NULL,NULL,NULL,'','2013-09-18 13:49:29','IDR00000095','',NULL,2,NULL,NULL,'',NULL),(96,NULL,3,10,1,'2 Bhk Apartments at Madinaguda',2800000,1,NULL,NULL,0,0,0,0,0,0,1,'kmr','','','','',26,1,'',NULL,NULL,'ashokdhudla','919704717095','ashok@indiadens.com','','','nice',0,0,0,0,0,0,0,0,'',NULL,'x','','2013-09-17 18:30:00',NULL,NULL,0,NULL,NULL,NULL,NULL,'','2013-09-18 14:08:59','IDR00000096','',NULL,2,NULL,NULL,'',NULL),(97,NULL,2,10,2,'3 bhk form house for rent in begumpet',2500000,1,0,NULL,0,0,0,0,0,0,1,'kmr','','','','',3,2,'',NULL,NULL,'venugopalvoraganti','918885662223','venu@indiadens.com','','','bla bla bla',0,0,0,0,0,0,0,0,'','0','x','','2013-09-19 18:30:00',NULL,NULL,0,NULL,NULL,NULL,NULL,'','2013-09-18 06:31:51','IDR00000097','',NULL,2,NULL,NULL,'',NULL),(98,NULL,32,10,1,'2 Bhk Apartments at dd',25000,NULL,NULL,NULL,NULL,NULL,NULL,2,2,1200,1,'dd','','','','',3,2,'',NULL,NULL,'Murthy Pydikondala','918096806089','murthy@expertsden.com','','','dd',NULL,NULL,NULL,NULL,NULL,NULL,NULL,NULL,'',NULL,'','Rentallisting-98-1.jpg','2013-09-19 11:07:11','2013-10-04 11:07:11',NULL,0,NULL,NULL,NULL,NULL,'','2013-09-19 05:37:11','IDR00000098','',NULL,1,NULL,NULL,'',NULL),(99,NULL,32,10,2,'2 Bhk Apartments at BHEL',12000,1,24000,NULL,0,0,0,2,2,1200,1,'BHEL','','','','',3,2,'',NULL,NULL,'Murthy Pydikondala','918096806089','murthy@expertsden.com','','','dd',0,0,0,0,0,0,0,0,'',NULL,'x','Rentallisting-99-1.jpg','2013-09-18 18:30:00','2013-10-04 11:14:05',NULL,0,NULL,NULL,NULL,NULL,'','2013-09-19 00:14:05','IDR00000099','',NULL,3,NULL,NULL,'',NULL),(100,NULL,32,25,1,'Triple Bedroom  Villas at Pragathi Nagar',9000,NULL,NULL,NULL,NULL,NULL,NULL,3,2,1350,1,'Pragathi Nagar','','','','',3,2,'',NULL,NULL,'Murthy Pydikondala','918096806089','murthy@expertsden.com','','','dd',NULL,NULL,NULL,NULL,NULL,NULL,NULL,NULL,'',NULL,'','Rentallisting-100-1.jpg','2013-09-19 11:18:15','2013-10-04 11:18:15',NULL,0,NULL,NULL,NULL,NULL,'','2013-09-19 05:48:15','IDR00000100','',NULL,0,NULL,NULL,'',NULL),(101,NULL,32,40,1,'2 Bhk Farm House at dd',120000,NULL,NULL,NULL,NULL,NULL,NULL,2,2,1200,1,'dd','','','','',3,2,'',NULL,NULL,'Murthy Pydikondala','918096806089','murthy@expertsden.com','','','dd',NULL,NULL,NULL,NULL,NULL,NULL,NULL,NULL,'',NULL,'','Rentallisting-101-1.jpg','2013-09-19 11:22:18','2013-10-04 11:22:18',NULL,0,NULL,NULL,NULL,NULL,'','2013-09-19 05:52:18','IDR00000101','',NULL,0,NULL,NULL,'',NULL),(102,NULL,20,20,1,'2 Bhk Independent House at 2s',24000,NULL,NULL,NULL,NULL,NULL,NULL,2,2,2000,1,'2s','','','','',3,2,'',NULL,NULL,'Murthy Pydikondala','918096806089','murthy@indiadens.com','','','d',NULL,NULL,NULL,NULL,NULL,NULL,NULL,NULL,'',NULL,'','Rentallisting-102-1.jpg','2013-09-20 06:30:09','2013-10-05 06:30:09',NULL,0,NULL,NULL,NULL,NULL,'','2013-09-20 01:00:09','IDR00000102','',NULL,0,NULL,NULL,'',NULL),(103,NULL,20,10,1,'2 Bhk Apartments at dd',12000,NULL,NULL,NULL,NULL,NULL,NULL,2,2,1200,1,'dd','','','','',3,2,'',NULL,NULL,'Murthy Pydikondala','918096806089','murthy@indiadens.com','','','d',NULL,NULL,NULL,NULL,NULL,NULL,NULL,NULL,'',NULL,'','Rentallisting-103-1.jpg','2013-09-20 07:25:37','2013-10-05 07:25:37',NULL,0,NULL,NULL,NULL,NULL,'','2013-09-20 01:55:37','IDR00000103','',NULL,0,NULL,NULL,'',NULL),(104,NULL,5,20,1,'2 Bhk Independent House at asdca',156,NULL,NULL,NULL,NULL,NULL,NULL,2,2,120,1,'asdca','','','','',3,2,'',NULL,NULL,'Aravind Gajelli','918099845507','aravind.gajellig@gmail.com','','','asdfa',NULL,NULL,NULL,NULL,NULL,NULL,NULL,NULL,'','','','','2013-09-20 10:40:08','2013-10-05 10:40:08',NULL,0,NULL,NULL,NULL,NULL,'','2013-09-20 16:10:06','','',NULL,0,NULL,NULL,'',NULL);

#
# Source for table "saleattributes"
#

DROP TABLE IF EXISTS `saleattributes`;
CREATE TABLE `saleattributes` (
  `AttributeID` bigint(20) NOT NULL AUTO_INCREMENT,
  `ListingID` bigint(20) DEFAULT NULL,
  `ValueTypeID` tinyint(4) DEFAULT NULL,
  `Name` varchar(50) DEFAULT NULL,
  `Value` varchar(255) DEFAULT NULL,
  PRIMARY KEY (`AttributeID`)
) ENGINE=InnoDB AUTO_INCREMENT=5 DEFAULT CHARSET=utf8;

#
# Data for table "saleattributes"
#

INSERT INTO `saleattributes` VALUES (1,21,NULL,'master bedroom','250x120sft'),(2,25,NULL,'Super','dd'),(3,19,NULL,'master bedroom','250x250sft'),(4,59,NULL,'master bedroom','250*250');

#
# Source for table "salelistingimages"
#

DROP TABLE IF EXISTS `salelistingimages`;
CREATE TABLE `salelistingimages` (
  `ListingImageID` bigint(20) NOT NULL AUTO_INCREMENT,
  `ListingID` bigint(20) NOT NULL,
  `ImageThumb` varchar(255) DEFAULT NULL,
  `LargeImage` varchar(255) NOT NULL,
  `Description` varchar(255) DEFAULT NULL,
  PRIMARY KEY (`ListingImageID`)
) ENGINE=InnoDB AUTO_INCREMENT=115 DEFAULT CHARSET=utf8;

#
# Data for table "salelistingimages"
#

INSERT INTO `salelistingimages` VALUES (1,2,'','SaleListing-2-1.jpg','my gome at kmr'),(2,3,'','SaleListing-3-1.jpg',''),(3,4,'','SaleListing-4-1.jpg','nice villa'),(4,4,'','SaleListing-4-2.jpg',''),(5,15,'','SaleListing-15-3.jpg',''),(6,15,'','SaleListing-15-2.jpg',''),(7,15,'','SaleListing-15-1.jpg',''),(10,22,'','SaleListing--1.jpg',''),(12,22,'','SaleListing-22-3.jpg',''),(13,22,'','SaleListing-22-2.jpg',''),(14,24,'','SaleListing--1.jpg',''),(15,25,'','SaleListing--2.jpg',''),(16,25,'','SaleListing--1.jpg',''),(17,34,'','Saleslisting-34-1.jpg',''),(18,36,'','Saleslisting-36-1.jpg',''),(19,37,'','Saleslisting-37-1.jpg',''),(20,38,'','SaleListing-23-2.jpg',''),(21,38,'','SaleListing-23-1.jpg',''),(22,38,'','SaleListing-11-1.jpg',''),(23,40,'','SaleListing-19-2.jpg',''),(24,40,'','SaleListing-19-2.jpg',''),(25,40,'','SaleListing-19-2.jpg',''),(26,40,'','SaleListing-35-1.jpg',''),(27,40,'','SaleListing-19-3.jpg',''),(29,35,'','SaleListing-35-1.jpg',''),(30,42,'','Saleslisting-42-1.jpg',''),(31,43,'','Saleslisting-43-1.jpg',''),(32,44,'','Saleslisting-44-1.jpg',''),(33,45,'','Saleslisting-45-1.jpg',''),(34,46,'','Saleslisting-46-1.jpg',''),(35,47,'','Saleslisting-47-1.jpg',''),(36,48,'','Saleslisting-48-1.jpg',''),(37,49,'','Saleslisting-49-1.jpg',''),(38,50,'','Saleslisting-50-1.jpg',''),(39,51,'','Saleslisting-51-1.jpg',''),(40,52,'','Saleslisting-52-1.jpg',''),(41,53,'','Saleslisting-53-1.jpg',''),(42,54,'','Saleslisting-54-1.jpg',''),(43,55,'','Saleslisting-55-1.jpg',''),(44,56,'','SaleListing--2.jpg',''),(45,56,'','SaleListing--1.jpg',''),(52,59,'SaleListing-59-1.jpg','',''),(53,59,'SaleListing-59-2.jpg','',''),(106,19,'SaleListing-19-1.jpg','SaleListing-19-1.jpg',''),(107,19,'','SaleListing-19-2.jpg',''),(108,62,'','SaleListing-62-2.jpg',''),(109,62,'SaleListing-62-1.jpg','',''),(110,64,'SaleListing--1.jpg','',''),(111,64,'','SaleListing-64-2.jpg',''),(112,65,'','Saleslisting-65-1.jpg',''),(113,66,'','Saleslisting-66-1.jpg',''),(114,67,'','Saleslisting-67-1.jpg',''),(115,75,'','SaleListing-75-5.jpg',''),(116,75,'','SaleListing-75-4.jpg',''),(117,75,'','SaleListing-75-3.jpg',''),(118,75,'','SaleListing-75-2.jpg',''),(119,75,'SaleListing-75-1.jpg','',''),(123,21,'','SaleListing-21-3.jpg',''),(124,21,'','SaleListing-21-2.jpg',''),(125,21,'SaleListing-21-1.jpg','SaleListing-21-1.jpg',''),(126,76,'','SaleListing--3.jpg',''),(127,76,'','SaleListing--2.jpg',''),(128,76,'SaleListing--1.jpg','SaleListing--1.jpg','');

#
# Source for table "sales"
#

DROP TABLE IF EXISTS `sales`;
CREATE TABLE `sales` (
  `ListingID` int(11) NOT NULL AUTO_INCREMENT,
  `ParentID` int(11) DEFAULT NULL,
  `CustomerID` int(11) DEFAULT NULL,
  `PropertyTypeID` int(11) DEFAULT NULL,
  `Title` varchar(255) DEFAULT NULL,
  `price` bigint(20) unsigned DEFAULT NULL,
  `Bedrooms` tinyint(4) DEFAULT NULL,
  `Bathrooms` tinyint(4) DEFAULT NULL,
  `Area` smallint(6) DEFAULT NULL,
  `AreaUnit` tinyint(4) DEFAULT NULL,
  `Address` varchar(255) DEFAULT NULL,
  `LandMark1` varchar(255) DEFAULT NULL,
  `LandMark2` varchar(255) DEFAULT NULL,
  `LandMark3` varchar(255) DEFAULT NULL,
  `LandMark4` varchar(255) DEFAULT NULL,
  `CityID` smallint(6) DEFAULT NULL,
  `StateID` tinyint(4) DEFAULT NULL,
  `PostalCode` varchar(20) DEFAULT NULL,
  `latitude` double DEFAULT NULL,
  `longitude` double DEFAULT NULL,
  `ContactName` varchar(100) DEFAULT NULL,
  `Phone` varchar(100) DEFAULT NULL,
  `EMail` varchar(255) DEFAULT NULL,
  `WebSite` varchar(255) DEFAULT NULL,
  `VirtualTour` varchar(255) DEFAULT NULL,
  `Description` varchar(512) DEFAULT NULL,
  `lift` tinyint(1) DEFAULT NULL,
  `gym` tinyint(1) DEFAULT NULL,
  `swimmingpool` tinyint(1) DEFAULT NULL,
  `gatedcommunity` tinyint(1) DEFAULT NULL,
  `PowerBackup` tinyint(4) DEFAULT NULL,
  `Furnished` tinyint(4) DEFAULT NULL,
  `cupboards` tinyint(1) DEFAULT NULL,
  `Facing` tinyint(4) DEFAULT NULL,
  `Possession` varchar(25) DEFAULT NULL,
  `ConstructionDate` varchar(20) DEFAULT NULL,
  `PropertyStatus` varchar(20) DEFAULT NULL,
  `PostedDate` datetime DEFAULT NULL,
  `ExpiryDate` datetime DEFAULT NULL,
  `Impressions` int(11) DEFAULT NULL,
  `PlanID` tinyint(4) DEFAULT '0',
  `SortOrder` tinyint(4) DEFAULT NULL,
  `Rank` int(11) DEFAULT NULL,
  `DuplicateID` int(11) DEFAULT '-1',
  `IsActive` tinyint(1) unsigned DEFAULT NULL,
  `IPAddress` varchar(20) DEFAULT NULL,
  `CreateDate` timestamp NOT NULL DEFAULT CURRENT_TIMESTAMP,
  `PropertyID` varchar(20) DEFAULT NULL,
  `Ownership` tinyint(4) DEFAULT NULL,
  `ImageThumb` varchar(255) DEFAULT NULL,
  `ConfirmCOde` varchar(25) DEFAULT NULL,
  `IsConfirmed` tinyint(1) DEFAULT NULL,
  `ApprovalStatus` tinyint(2) DEFAULT NULL,
  `IsMobileVerified` tinyint(1) DEFAULT NULL,
  `IsEMailVerified` tinyint(1) DEFAULT NULL,
  `MobileCode` varchar(50) DEFAULT NULL,
  `EMailCode` varchar(50) DEFAULT NULL,
  PRIMARY KEY (`ListingID`)
) ENGINE=MyISAM AUTO_INCREMENT=75 DEFAULT CHARSET=utf8;

#
# Data for table "sales"
#

INSERT INTO `sales` VALUES (8,NULL,5,10,'3  BHK  flats',2500000,3,3,1500,1,'madinaguda','','','','',3,2,'503111',NULL,NULL,'AravindGajelli','918099845507','aravind.gajellig@gmail.com','','','zlsknas',0,0,0,0,0,0,0,0,'',NULL,'b','2013-09-05 18:30:00',NULL,NULL,0,NULL,NULL,NULL,NULL,'','2013-09-04 03:21:21','',1,'','',NULL,1,NULL,NULL,'',NULL),(11,NULL,7,10,'2 Bhk Apartments at ddd',2800000,2,2,1200,1,'ddd','','','','',3,1,'',NULL,NULL,'Murthy P','919848077901','murthyp@in.com','','','dd',0,1,0,0,0,0,0,0,'',NULL,'','2013-09-17 18:30:00','2013-09-21 10:34:11',NULL,0,NULL,NULL,NULL,NULL,'','2013-09-05 23:34:11','IDS00000011',1,'Saleslisting-11-1.jpg','26907',NULL,1,NULL,NULL,'',NULL),(14,NULL,12,20,'2 Bhk Independent House at kamareddy',5200000,2,2,42,1,'kamareddy','','','','',5,1,'',NULL,NULL,'ashok d','919704717095','ashokd413@gmail.com','','','klnd',NULL,NULL,NULL,NULL,NULL,NULL,NULL,NULL,'',NULL,'','2013-09-06 11:57:16','2013-09-21 11:57:16',NULL,0,NULL,NULL,NULL,NULL,'','2013-09-06 06:27:19','IDS00000014',1,'Saleslisting-14-1.jpg','800612',NULL,1,NULL,NULL,'',NULL),(19,NULL,2,40,'3 BedRooom flat home',52000,0,0,0,1,'kmr','','','','',3,2,'',NULL,NULL,'venugopalv voraganti ','918885662223','venu@indiadens.com','','','bl bla',0,0,0,0,0,0,0,0,'','0','','2013-09-19 18:30:00',NULL,NULL,0,NULL,NULL,NULL,NULL,'','2013-09-12 10:24:51','',1,'','',NULL,3,NULL,NULL,'',NULL),(21,NULL,2,20,'3 BHK in Madinaguda',2500000,0,0,0,1,'kmr','','','','',3,2,'',17.385044,78.486671,'venugopalv voraganti ','918885662223','venu@indiadens.com','','','zzzzzzz',1,0,0,1,0,0,0,0,'','0','','2013-09-19 18:30:00',NULL,NULL,0,NULL,NULL,NULL,NULL,'','2013-08-29 05:36:31','',3,'','',NULL,3,NULL,NULL,'',NULL),(22,NULL,20,20,'300 Sqare Yard Land nearer to Sahara Mall',8500000,0,0,300,3,'Sahara Mall\r\nDLF Phase 2','','','','',68,11,'',28.4594965,77.0266383,'MurthyPydikondala','918096806089','murthy@indiadens.com','','','Nice',0,0,0,0,0,0,0,0,'Ready to occupy',NULL,'c','2013-09-17 18:30:00',NULL,NULL,0,NULL,NULL,NULL,NULL,'','2013-09-14 02:28:24','',2,'','',NULL,3,NULL,NULL,'',NULL),(23,NULL,23,30,'2 Bhk Pent House at d ;ksa',250000,2,2,100,1,'.,d ;ksa','','','','',5,1,'',NULL,NULL,'Rajesh G','917569541256','grajesh@gmail.com','','','asdcAD',0,1,0,0,0,0,0,0,'',NULL,'','2013-09-17 18:30:00','2013-10-01 15:01:31',NULL,0,NULL,NULL,NULL,NULL,'','2013-09-16 09:31:32','',1,'','266323',NULL,0,NULL,NULL,'',NULL),(24,NULL,20,20,'2 Bedroom Home in Phase - II',2500000,2,2,1350,2,'Opposite to Qutub Plaza,\r\nDLH Phase 2','','','','',68,11,'',28.4537992365,77.0138495274,'MurthyPydikondala','918096806089','murthy@indiadens.com','','','Ha Ha. Ho Ho.',1,1,1,1,1,2,1,4,'Immediate',NULL,'c','2013-09-15 18:30:00',NULL,NULL,0,NULL,NULL,NULL,NULL,'','2013-09-15 06:12:27','',2,'','',NULL,0,NULL,NULL,'',NULL),(25,NULL,20,25,'Test Title',2500000,2,1,1200,1,'Punjagutta','','','','',3,2,'',17.385044,78.486671,'MurthyPydikondala','918096806089','murthy@indiadens.com','','','ddd',1,0,0,1,0,0,0,0,'Immediate','2005-07-30 18:30:00','d','2013-09-17 18:30:00',NULL,NULL,0,NULL,NULL,NULL,NULL,'','2013-09-15 22:09:59','',1,'','',NULL,3,NULL,NULL,'',NULL),(27,NULL,3,20,'good home',2500000,3,2,1200,2,'hyd','','','','',26,1,'',NULL,NULL,'ashokdhudla','919704717095','ashok@indiadens.com','','','andf',0,0,0,0,0,0,0,0,'',NULL,'','2013-09-16 18:30:00',NULL,NULL,0,NULL,NULL,NULL,NULL,'','2013-09-15 17:17:56','IDS00000027',1,'','',NULL,3,NULL,NULL,'',NULL),(28,NULL,3,40,'2 BedRooom flat home for sale',8500000,5,5,52,1,'secundrabad','','','','',26,1,'',NULL,NULL,'ashokdhudla','919704717095','ashok@indiadens.com','','','farmhouse at begumpet',0,0,0,0,0,0,0,0,'',NULL,'','2013-09-16 18:30:00',NULL,NULL,0,NULL,NULL,NULL,NULL,'','2013-09-16 00:12:48','IDS00000028',1,'','',NULL,3,NULL,NULL,'',NULL),(29,NULL,23,25,'Triple Bedroom  Villas at  vs',200000,3,3,1000,1,'vs','','','','',5,0,'',NULL,NULL,'Aravind G','917569541256','grajesh@gmail.com','','','laskndlk',NULL,NULL,NULL,NULL,NULL,NULL,NULL,NULL,'',NULL,'','2013-09-17 10:44:14','2013-10-02 10:44:14',NULL,0,NULL,NULL,NULL,NULL,'','2013-09-17 16:14:13','',1,'','844923',NULL,1,NULL,NULL,'',NULL),(30,NULL,3,20,'2 BedRooom flat home for rent',2500000,2,2,1200,1,'kmr','','','','',26,1,'',NULL,NULL,'ashokdhudla','919704717095','ashok@indiadens.com','','','nice home',0,0,0,0,0,0,0,0,'',NULL,'','2013-09-16 18:30:00',NULL,NULL,0,NULL,NULL,NULL,NULL,'','2013-09-16 21:14:11','IDS00000030',1,'','',NULL,3,NULL,NULL,'',NULL),(31,NULL,3,50,'200 sq ft office space for sale',8500000,0,0,1200,3,'madhapoor','','','','',26,1,'',NULL,NULL,'ashokdhudla','919704717095','ashok@indiadens.com','','','good area',0,0,0,0,0,0,0,0,'',NULL,'','2013-09-16 18:30:00',NULL,NULL,0,NULL,NULL,NULL,NULL,'','2013-09-17 02:59:37','IDS00000031',2,'','',NULL,3,NULL,NULL,'',NULL),(32,NULL,3,25,'3 bhk flat for sale',350000,3,3,120,1,'chanda nagar','','','','',26,1,'',NULL,NULL,'ashokdhudla','919704717095','ashok@indiadens.com','','','good area nice facing',0,0,0,0,0,0,0,0,'',NULL,'','2013-09-16 18:30:00',NULL,NULL,0,NULL,NULL,NULL,NULL,'','2013-09-17 08:54:35','IDS00000032',3,'','',NULL,3,NULL,NULL,'',NULL),(34,NULL,31,30,'Triple Bedroom Pent House at uppal',2000,3,3,250,1,'uppal','','','','',2,2,'',NULL,NULL,'mansi A','917539631236','mansia@google.com','','','adf',NULL,NULL,NULL,NULL,NULL,NULL,NULL,NULL,'',NULL,'','2013-09-17 14:59:07','2013-10-02 14:59:07',NULL,0,NULL,NULL,NULL,NULL,'','2013-09-16 05:59:07','IDS00000034',1,'Saleslisting-34-1.jpg','806231',NULL,0,NULL,NULL,'',NULL),(35,NULL,3,30,'4 Bhk  Villas at dd',2500000,0,0,0,1,'hyd','','','','',26,1,'',17.385044,78.486671,'ashokdhudla','919704717095','ashok@indiadens.com','','','niwjie',0,0,0,0,0,0,0,0,'',NULL,'','2013-09-17 18:30:00',NULL,NULL,0,NULL,NULL,NULL,NULL,'','2013-09-16 11:34:21','IDS00000035',1,'','',NULL,3,NULL,NULL,'',NULL),(38,NULL,3,20,'2 BedRooom flat home for rent',2500000,0,0,0,1,'kmr','','','','',26,1,'',NULL,NULL,'ashokdhudla','919704717095','ashok@indiadens.com','','','.bajk.a',0,0,0,0,0,0,0,0,'',NULL,'','2013-09-16 18:30:00',NULL,NULL,0,NULL,NULL,NULL,NULL,'','2013-09-17 15:29:32','IDS00000038',2,'','',NULL,2,NULL,NULL,'',NULL),(39,NULL,3,20,'2 Bhk Apartments at Madinaguda',2500000,0,0,0,1,'madinaguda beside church','','','','',26,1,'',NULL,NULL,'ashokdhudla','919704717095','ashok@indiadens.com','','','nice apartment',0,0,0,0,0,0,0,0,'',NULL,'','2013-09-17 18:30:00',NULL,NULL,0,NULL,NULL,NULL,NULL,'','2013-09-18 01:22:55','IDS00000039',1,'','',NULL,3,NULL,NULL,'',NULL),(40,NULL,3,30,'2 bhk flat for sale at begumpet',1800000,3,3,0,1,'prakash nagar','','','','',26,1,'',NULL,NULL,'ashokdhudla','919704717095','ashok@indiadens.com','','','nice home at begumpet',0,0,0,0,0,0,0,0,'',NULL,'','2013-09-17 18:30:00',NULL,NULL,0,NULL,NULL,NULL,NULL,'','2013-09-17 19:57:02','IDS00000040',1,'','',NULL,3,NULL,NULL,'',NULL),(41,NULL,3,20,'4 Bhk  Villas at dd',2500000,0,0,0,1,'hitech city','','','','',26,1,'',NULL,NULL,'ashokdhudla','919704717095','ashok@indiadens.com','','','all ameties villa',0,0,0,0,0,0,0,0,'',NULL,'','2013-09-17 18:30:00',NULL,NULL,0,NULL,NULL,NULL,NULL,'','2013-09-18 05:11:14','IDS00000041',1,'','',NULL,2,NULL,NULL,'',NULL),(42,NULL,5,20,'4 Bhk Independent House at Panjagutta',200000000,4,4,1500,1,'Panjagutta','','','','',34,2,'',NULL,NULL,'Aravind Gajelli','918099845507','aravind.gajellig@gmail.com','','','Furnished with the costly interiors.',NULL,NULL,NULL,NULL,NULL,NULL,NULL,NULL,'',NULL,'','2013-09-18 11:17:24','2013-10-03 11:17:24',NULL,0,NULL,NULL,NULL,NULL,'','2013-09-16 09:47:24','',1,'','42305',NULL,1,NULL,NULL,'',NULL),(43,NULL,5,20,'4 Bhk Independent House at Panjagutta',200000000,4,4,1500,1,'Panjagutta','','','','',34,2,'',NULL,NULL,'Aravind Gajelli','918099845507','aravind.gajellig@gmail.com','','','Furnished with the costly interiors.',NULL,NULL,NULL,NULL,NULL,NULL,NULL,NULL,'',NULL,'','2013-09-18 11:22:20','2013-10-03 11:22:20',NULL,0,NULL,NULL,NULL,NULL,'','2013-09-16 04:22:21','IDS00000043',1,'Saleslisting-43-1.jpg','56715',NULL,1,NULL,NULL,'',NULL),(44,NULL,5,40,'Triple Bedroom Farm House at Balnagar',2000000,3,3,1500,1,'Balnagar','','','','',2,2,'',NULL,NULL,'Aravind Gajelli','918099845507','aravind.gajellig@gmail.com','','','Nice home.',NULL,NULL,NULL,NULL,NULL,NULL,NULL,NULL,'',NULL,'','2013-09-18 11:27:08','2013-10-03 11:27:08',NULL,0,NULL,NULL,NULL,NULL,'','2013-09-16 09:57:08','IDS00000044',1,'Saleslisting-44-1.jpg','72625',NULL,1,NULL,NULL,'',NULL),(56,NULL,20,20,'4 Bedroom Individual Home for Sale',2500000,4,2,1400,1,'Chandanagar','','','','',3,2,'',17.385044,78.486671,'MurthyPydikondala','918096806089','murthy@indiadens.com','','','dd',0,0,0,0,0,0,0,0,'Immediate',NULL,'c','2013-09-17 18:30:00',NULL,NULL,0,NULL,NULL,NULL,NULL,'','2013-09-18 02:31:26','IDS00000056',2,'','',NULL,3,NULL,NULL,'',NULL),(57,NULL,3,20,'4 Bhk  Villas at dd',2500000,0,0,0,1,'kmr','','','','',26,1,'',NULL,NULL,'ashokdhudla','919704717095','ashok@indiadens.com','','','ja\'sjaos',0,0,0,0,0,0,0,0,'',NULL,'','2013-09-17 18:30:00',NULL,NULL,0,NULL,NULL,NULL,NULL,'','2013-09-18 13:39:35','IDS00000057',1,'','',NULL,2,NULL,NULL,'',NULL),(58,NULL,3,20,'2 Bhk Apartments at Madinaguda',2500000,0,0,0,1,'kmr','','','','',26,1,'',NULL,NULL,'ashokdhudla','919704717095','ashok@indiadens.com','','','a;skandd',0,0,0,0,0,0,0,0,'',NULL,'b','2013-09-17 18:30:00',NULL,NULL,0,NULL,NULL,NULL,NULL,'','2013-09-18 08:19:02','IDS00000058',1,'','',NULL,2,NULL,NULL,'',NULL),(59,NULL,3,10,'2 Bhk Apartments at Madinaguda',2500000,0,0,0,1,'kmr','','','','',26,1,'',NULL,NULL,'ashok dhudla','919704717095','ashok@indiadens.com','','','kljb',0,0,0,0,0,0,0,0,'','2007','','2013-09-19 18:30:00',NULL,NULL,0,NULL,NULL,NULL,NULL,'','2013-09-16 07:35:33','IDS00000059',2,'','',NULL,2,NULL,NULL,'',NULL),(60,NULL,3,10,'2 Bhk Apartments at Madinaguda',2500000,0,0,0,1,'kmr','','','','',26,1,'',NULL,NULL,'ashokdhudla','919704717095','ashok@indiadens.com','','','nice home',0,0,0,0,0,0,0,0,'',NULL,'','2013-09-18 18:30:00',NULL,NULL,0,NULL,NULL,NULL,NULL,'','2013-09-19 00:55:35','IDS00000060',1,'','',NULL,2,NULL,NULL,'',NULL),(61,NULL,3,10,'2 Bhk Apartments at Madinaguda',8500000,4,4,123,1,'dilsukhnagar','','','','',26,1,'',17.3999509765029,78.4156031899414,'ashokdhudla','919704717095','ashok@indiadens.com','','xyz','nice apatment',0,0,0,0,0,0,0,0,'Ready to occupy',NULL,'a','2013-09-18 18:30:00',NULL,NULL,0,NULL,NULL,NULL,NULL,'','2013-09-19 01:38:11','IDS00000061',1,'','',NULL,2,NULL,NULL,'',NULL),(65,NULL,32,30,'1 Bhk Pent House at dd',2400000,1,1,1200,1,'dd','','','','',3,2,'',NULL,NULL,'Murthy Pydikondala','918096806089','murthy@expertsden.com','','','dd',NULL,NULL,NULL,NULL,NULL,NULL,NULL,NULL,'',NULL,'','2013-09-19 11:20:59','2013-10-04 11:20:59',NULL,0,NULL,NULL,NULL,NULL,'','2013-09-19 05:50:59','IDS00000065',1,'Saleslisting-65-1.jpg','261932',NULL,0,NULL,NULL,'',NULL),(66,NULL,20,10,'2 Bhk Apartments at ss',15000000,2,2,1200,1,'ss','','','','',3,2,'',NULL,NULL,'Murthy Pydikondala','918096806089','murthy@indiadens.com','','','dd',NULL,NULL,NULL,NULL,NULL,NULL,NULL,NULL,'',NULL,'','2013-09-20 05:28:05','2013-10-05 05:28:05',NULL,0,NULL,NULL,NULL,NULL,'','2013-09-19 23:58:05','IDS00000066',1,'Saleslisting-66-1.jpg','464220',NULL,0,NULL,NULL,'',NULL),(67,NULL,20,20,'2 Bhk Independent House at d',150000,2,2,1200,1,'d','','','','',3,2,'',17.385044,78.486671,'Ramesh Nambiar','918096806089','murthy@indiadens.com','','','dd',0,1,0,0,0,0,0,0,'','0','','2013-09-19 18:30:00','2013-10-05 07:27:24',NULL,0,NULL,NULL,NULL,NULL,'','2013-09-19 20:27:24','IDS00000067',1,'Saleslisting-67-1.jpg','319620',NULL,3,NULL,NULL,'',NULL),(68,NULL,5,20,'Triple Bedroom Independent House at Chintal',160000,3,3,1000,1,'Chintal','','','','',2,2,'',NULL,NULL,'Aravind','918099845507','aravind.gajellig@gmail.com','','','asdknk',NULL,NULL,NULL,NULL,NULL,NULL,NULL,NULL,'','','','2013-09-20 10:30:24','2013-10-05 10:30:24',NULL,0,NULL,NULL,NULL,NULL,'','2013-09-20 16:00:22','',1,'','47505',NULL,0,NULL,NULL,'',NULL),(69,NULL,5,20,'2 Bhk Independent House at Prakash nagar',18000000,2,2,120,1,'Prakash nagar','','','','',3,2,'',NULL,NULL,'Aravind Gajelli','918099845507','aravind.gajellig@gmail.com','','','sdfs',NULL,NULL,NULL,NULL,NULL,NULL,NULL,NULL,'','','','2013-09-20 10:56:17','2013-10-05 10:56:17',NULL,0,NULL,NULL,NULL,NULL,'','2013-09-20 16:26:15','',1,'','32925',NULL,0,NULL,NULL,'',NULL),(72,NULL,34,40,'4 Bhk Farm House at hitech city',28000000,4,4,1500,1,'hitech city','','','','',3,2,'',NULL,NULL,'Raju P','918637421593','rajup@google.com','','','asdf',NULL,NULL,NULL,NULL,NULL,NULL,NULL,NULL,'','','','2013-09-20 11:05:12','2013-10-05 11:05:12',NULL,0,NULL,NULL,NULL,NULL,'','2013-09-20 16:35:10','',1,'','327334',NULL,1,NULL,NULL,'',NULL),(73,NULL,3,10,'2 Bhk Apartments at Madinaguda',2500000,0,0,0,1,'kmr','','','','',26,1,'',NULL,NULL,'ashok dhudla','919704717095','ashok@indiadens.com','','','haksdfa',0,0,0,0,0,0,0,0,'','0','','2013-09-19 18:30:00',NULL,NULL,0,NULL,NULL,NULL,NULL,'','2013-09-20 13:02:00','IDS00000073',2,'','',NULL,2,NULL,NULL,'',NULL),(74,NULL,20,10,'ddd',12000,2,2,1200,1,'dd','','','','',68,11,'',NULL,NULL,'Ramesh Nambiar','918096806089','murthy@indiadens.com','','','dd',0,0,0,0,0,0,0,0,'Immediate','2013','a','2013-09-19 18:30:00',NULL,NULL,0,NULL,NULL,NULL,NULL,'','2013-09-20 07:37:39','IDS00000074',1,'','',NULL,2,NULL,NULL,'',NULL),(75,NULL,32,10,'For Image Animation Test',25000,3,2,1200,1,'Madinaguda','','','','',3,2,'',17.4961003865,78.3367784314,'Murthy Pydikondala','918096806089','murthy@expertsden.com','','','Test Description',0,0,0,0,0,0,0,0,'Immediate','2012','a','2013-09-19 18:30:00',NULL,NULL,0,NULL,NULL,NULL,NULL,'','2013-09-20 08:58:31','IDS00000075',1,'','',NULL,2,NULL,NULL,'',NULL),(76,NULL,20,10,'Test Image',23000,2,2,2300,1,'Phase I','','','','',68,11,'',28.4594965,77.0266383000001,'Ramesh Nambiar','918096806089','murthy@indiadens.com','http://www.flumensoft.com','','sdfsdf',0,0,0,0,0,0,0,0,'Immediate','2011','c','2013-09-20 18:30:00',NULL,NULL,0,NULL,NULL,NULL,NULL,'','2013-09-21 13:46:40','IDS00000076',1,'','',NULL,2,NULL,NULL,'',NULL);

#
# Source for table "states"
#

DROP TABLE IF EXISTS `states`;
CREATE TABLE `states` (
  `StateID` tinyint(2) NOT NULL AUTO_INCREMENT,
  `Name` varchar(50) DEFAULT NULL,
  PRIMARY KEY (`StateID`)
) ENGINE=InnoDB AUTO_INCREMENT=33 DEFAULT CHARSET=utf8;

#
# Data for table "states"
#

INSERT INTO `states` VALUES (1,'Andaman and Nicobar'),(2,'Andhra Pradesh'),(3,'Arunachal Pradesh'),(4,'Assam'),(5,'Bihar'),(6,'Chhattisgarh'),(7,'Daman and Diu'),(8,'Delhi'),(9,'Goa'),(10,'Gujarat'),(11,'Haryana'),(12,'Himachal Pradesh'),(13,'Jammu and Kashmir'),(14,'Jharkhand'),(15,'Karnataka'),(16,'Kerala'),(17,'Madhya Pradesh'),(18,'Maharashtra'),(19,'Manipur'),(20,'Meghalaya'),(21,'Mizoram'),(22,'Nagaland'),(23,'Orissa'),(24,'Puducherry'),(25,'Punjab'),(26,'Rajasthan'),(27,'Sikkim'),(28,'Tamil Nadu'),(29,'Tripura'),(30,'Uttar Pradesh'),(31,'Uttarakhand'),(32,'West Bengal');

#
# Source for table "visitorreviews"
#

DROP TABLE IF EXISTS `visitorreviews`;
CREATE TABLE `visitorreviews` (
  `VisitorReviewID` bigint(20) NOT NULL AUTO_INCREMENT,
  `CustomerID` smallint(6) DEFAULT NULL,
  `ListingID` smallint(6) DEFAULT NULL,
  `ListingType` tinyint(1) DEFAULT NULL,
  `Name` varchar(100) DEFAULT NULL,
  `EMail` varchar(25) DEFAULT NULL,
  `ContactNo` varchar(10) DEFAULT NULL,
  `BestPrice` int(11) DEFAULT NULL,
  `VisitorComments` varchar(255) DEFAULT NULL,
  `SellerComments` varchar(255) DEFAULT NULL,
  `MobileCode` varchar(25) DEFAULT NULL,
  `EMailCode` varchar(25) DEFAULT NULL,
  `IsEMailVerified` smallint(1) DEFAULT NULL,
  `IsMobileVerified` smallint(1) DEFAULT NULL,
  `CreateDate` timestamp NOT NULL DEFAULT CURRENT_TIMESTAMP,
  PRIMARY KEY (`VisitorReviewID`)
) ENGINE=InnoDB DEFAULT CHARSET=utf8;

#
# Data for table "visitorreviews"
#


#
# Source for table "visitors"
#

DROP TABLE IF EXISTS `visitors`;
CREATE TABLE `visitors` (
  `VisitorID` bigint(20) NOT NULL AUTO_INCREMENT,
  `Name` varchar(50) DEFAULT NULL,
  `EMail` varchar(50) DEFAULT NULL,
  `MobileNo` varchar(10) DEFAULT NULL,
  `PinNumber` varchar(10) DEFAULT NULL,
  `EMailCode` varchar(50) DEFAULT NULL,
  `IsMobileVerified` smallint(1) DEFAULT NULL,
  `IsEMailVerified` smallint(1) DEFAULT NULL,
  `CreateDate` timestamp NOT NULL DEFAULT CURRENT_TIMESTAMP,
  `isAcceptTerms` tinyint(4) DEFAULT NULL,
  PRIMARY KEY (`VisitorID`)
) ENGINE=InnoDB AUTO_INCREMENT=6 DEFAULT CHARSET=utf8;

#
# Data for table "visitors"
#

INSERT INTO `visitors` VALUES (1,'aravind','aravind@indiadens.com','8099845507','8099845507','',0,NULL,'2013-09-19 17:18:37',NULL),(2,'aravind','aravindgajelli1210@gmail.com','809845507','123456','',0,NULL,'2013-09-20 17:05:44',NULL),(3,'venugopal ','venugopalchnn@gmail.com','8885662223','venuvg','',0,NULL,'2013-09-20 17:06:56',NULL),(4,'ashok','ashok@indiadens.com','9704717095','ashok','',1,NULL,'2013-09-20 11:51:55',1),(5,'Murthy P','murthyp@expertsdens.com','9440111843','murthy','',1,1,'2013-09-19 19:24:56',1),(6,'Divya D','divyad1221@gmail.com','8885251621','divya','',1,0,'2013-09-20 08:03:51',1),(7,'Ravi','ravigajelli@gmail.com','9440363694','ravi','',1,0,'2013-09-19 21:13:08',1);

/*!40111 SET SQL_NOTES=@OLD_SQL_NOTES */;
/*!40101 SET SQL_MODE=@OLD_SQL_MODE */;
/*!40101 SET CHARACTER_SET_CLIENT=@OLD_CHARACTER_SET_CLIENT */;
/*!40101 SET CHARACTER_SET_RESULTS=@OLD_CHARACTER_SET_RESULTS */;
/*!40101 SET COLLATION_CONNECTION=@OLD_COLLATION_CONNECTION */;
